,Unnamed: 0,date,open,close,high,low,volumme
0,0.0,2014-09-22,24.0,23.745,24.0,23.745,11816
1,1.0,2014-09-23,23.755,23.565,23.755,23.505,6532
2,2.0,2014-09-24,23.73,23.87,23.87,23.73,478
3,3.0,2014-09-25,23.835,23.585,23.915,23.585,8142
4,4.0,2014-09-26,23.585,23.665,23.71,23.53,780
5,5.0,2014-09-29,23.565,23.3,23.565,23.205,649
6,6.0,2014-09-30,23.37,23.395,23.805,23.245,2111
7,7.0,2014-10-01,23.325,23.185,23.325,23.185,1532
8,8.0,2014-10-02,23.04,22.73,23.04,22.73,47557
9,9.0,2014-10-03,23.14,23.27,23.345,23.14,3552
10,10.0,2014-10-06,23.575,23.665,23.725,23.56,1588
11,11.0,2014-10-07,23.585,23.44,23.585,23.435,425
12,12.0,2014-10-08,23.39,23.055,23.39,23.045,32924
13,13.0,2014-10-09,23.325,23.255,23.46,23.255,6092
14,14.0,2014-10-10,23.03,22.835,23.16,22.685,4190
15,15.0,2014-10-13,22.775,23.03,23.05,22.775,34246
16,16.0,2014-10-14,22.96,23.03,23.03,22.8,2416
17,17.0,2014-10-15,23.11,22.355,23.11,22.355,955
18,18.0,2014-10-16,22.495,22.32,22.495,21.95,4536
19,19.0,2014-10-17,22.175,22.66,22.74,22.175,3690
20,20.0,2014-10-20,22.83,22.57,22.83,22.395,1074
21,21.0,2014-10-21,22.34,22.84,22.865,22.34,5019
22,22.0,2014-10-22,22.94,22.885,22.94,22.85,12284
23,23.0,2014-10-23,22.89,22.855,22.92,22.735,3877
24,24.0,2014-10-24,22.75,22.935,22.955,22.715,7655
25,25.0,2014-10-27,22.745,22.545,22.745,22.505,3971
26,26.0,2014-10-28,22.805,22.985,23.065,22.805,2069
27,27.0,2014-10-29,23.15,23.24,23.24,23.11,384
28,28.0,2014-10-30,23.48,23.465,23.48,23.325,2598
29,29.0,2014-10-31,23.67,23.73,23.92,23.67,1473
30,30.0,2014-11-03,23.875,23.665,23.875,23.635,3458
31,31.0,2014-11-04,23.685,23.46,23.685,23.42,4060
32,32.0,2014-11-05,23.495,23.475,23.495,23.475,0
33,33.0,2014-11-06,23.455,23.48,23.62,23.45,315
34,34.0,2014-11-07,23.395,23.48,23.48,23.225,450
35,35.0,2014-11-10,23.525,23.625,23.655,23.48,10362
36,36.0,2014-11-11,23.545,23.44,23.62,23.435,9831
37,37.0,2014-11-12,23.42,23.515,23.515,23.37,6547
38,38.0,2014-11-13,23.505,23.41,23.55,23.41,6880
39,39.0,2014-11-14,23.42,23.315,23.44,23.295,3939
40,40.0,2014-11-17,23.14,23.29,23.365,23.075,500
41,41.0,2014-11-18,23.13,23.19,23.25,23.13,7238
42,42.0,2014-11-19,23.16,23.205,23.205,23.145,4995
43,43.0,2014-11-20,23.23,23.295,23.295,23.14,7996
44,44.0,2014-11-21,23.315,24.04,24.18,23.315,2292
45,45.0,2014-11-24,24.105,23.93,24.16,23.92,10905
46,46.0,2014-11-25,23.875,23.76,24.035,23.76,6415
47,47.0,2014-11-26,24.16,23.94,24.16,23.835,7627
48,48.0,2014-11-27,23.93,23.945,24.02,23.84,9055
49,49.0,2014-11-28,23.885,23.695,23.945,23.635,1815
50,50.0,2014-12-01,23.425,23.18,23.425,23.18,965
51,51.0,2014-12-02,23.32,23.345,23.4,23.3,826
52,52.0,2014-12-03,23.36,23.55,23.61,23.36,4626
53,53.0,2014-12-04,23.725,23.285,23.82,23.285,2305
54,54.0,2014-12-05,23.425,23.48,23.485,23.425,427
55,55.0,2014-12-08,23.48,23.285,23.5,23.285,2629
56,56.0,2014-12-09,23.12,22.715,23.12,22.65,7513
57,57.0,2014-12-10,22.795,22.535,22.835,22.51,1380
58,58.0,2014-12-11,22.425,22.39,22.465,22.36,8383
59,59.0,2014-12-12,22.28,21.85,22.28,21.85,2808
60,60.0,2014-12-15,22.01,21.47,22.08,21.47,27031
61,61.0,2014-12-16,21.565,21.64,21.64,21.09,2782
62,62.0,2014-12-17,21.385,21.815,21.88,21.385,2515
63,63.0,2014-12-18,22.125,22.405,22.7,22.125,4987
64,64.0,2014-12-19,22.58,22.705,22.735,22.445,21592
65,65.0,2014-12-22,22.92,22.94,23.025,22.92,4996
66,66.0,2014-12-23,22.895,22.91,22.995,22.895,132
67,67.0,2014-12-24,23.03,22.94,23.03,22.89,614
68,68.0,2014-12-29,23.19,23.195,23.29,23.005,2405
69,69.0,2014-12-30,23.065,23.1,23.1,23.03,2107
70,70.0,2014-12-31,23.24,23.285,23.285,23.175,61
71,71.0,2015-01-02,23.335,23.135,23.375,23.135,3801
72,72.0,2015-01-05,23.165,23.04,23.375,23.02,2862
73,73.0,2015-01-06,23.015,22.92,23.17,22.87,2660
74,74.0,2015-01-07,23.15,23.49,23.505,23.15,23250
75,75.0,2015-01-08,23.75,24.05,24.075,23.75,1811
76,76.0,2015-01-09,24.025,23.85,24.04,23.85,1576
77,77.0,2015-01-12,23.765,23.755,23.995,23.7,1838
78,78.0,2015-01-13,23.795,24.12,24.19,23.795,2593
79,79.0,2015-01-14,23.805,23.745,23.865,23.685,32937
80,80.0,2015-01-15,24.155,24.385,24.385,24.155,0
81,81.0,2015-01-16,24.14,24.495,24.635,24.14,654
82,82.0,2015-01-19,24.475,24.155,24.475,24.145,4310
83,83.0,2015-01-20,24.355,24.39,24.425,24.215,18084
84,84.0,2015-01-21,24.685,24.84,24.845,24.56,2912
85,85.0,2015-01-22,24.915,25.485,25.56,24.79,57331
86,86.0,2015-01-23,25.805,25.99,26.26,25.805,27898
87,87.0,2015-01-26,25.955,25.91,25.955,25.825,12051
88,88.0,2015-01-27,25.85,25.52,25.915,25.29,5175
89,89.0,2015-01-28,25.71,25.545,25.71,25.49,2822
90,90.0,2015-01-29,25.415,25.26,25.435,25.23,6318
91,91.0,2015-01-30,25.26,24.925,25.26,24.925,1218
92,92.0,2015-02-02,25.2,25.11,25.2,24.985,34106
93,93.0,2015-02-03,24.995,25.18,25.325,24.995,7305
94,94.0,2015-02-04,25.43,25.495,25.545,25.3,1964
95,95.0,2015-02-05,25.425,25.385,25.425,25.19,261
96,96.0,2015-02-06,25.105,25.315,25.41,25.105,698
97,97.0,2015-02-09,25.2,25.245,25.315,25.13,3092
98,98.0,2015-02-10,25.31,25.165,25.375,25.125,4602
99,99.0,2015-02-11,25.25,24.935,25.25,24.935,6586
100,100.0,2015-02-12,24.89,25.245,25.245,24.89,370
101,101.0,2015-02-13,25.12,25.57,25.61,25.12,31127
102,102.0,2015-02-16,25.685,25.545,25.685,25.48,6042
103,103.0,2015-02-17,25.565,25.475,25.605,25.475,1774
104,104.0,2015-02-18,25.58,25.58,25.58,25.485,2046
105,105.0,2015-02-19,25.49,25.57,25.595,25.475,6668
106,106.0,2015-02-20,25.575,25.57,25.71,25.57,521
107,107.0,2015-02-23,25.745,25.57,25.745,25.57,4476
108,108.0,2015-02-24,25.785,25.885,25.915,25.615,6800
109,109.0,2015-02-25,25.78,25.77,25.845,25.77,2227
110,110.0,2015-02-26,25.6,26.115,26.125,25.6,3788
111,111.0,2015-02-27,25.99,26.17,26.17,25.99,903
112,112.0,2015-03-02,26.22,26.09,26.22,25.92,4111
113,113.0,2015-03-03,25.795,25.915,26.05,25.72,3940
114,114.0,2015-03-04,26.01,25.9,26.01,25.8,6051
115,115.0,2015-03-05,26.0,26.065,26.07,25.97,3835
116,116.0,2015-03-06,26.99,26.045,26.99,26.02,1419
117,117.0,2015-03-09,25.8,25.96,26.05,25.8,248
118,118.0,2015-03-10,26.0,25.74,26.0,25.72,3082
119,119.0,2015-03-11,25.975,26.17,26.205,25.945,43791
120,120.0,2015-03-12,26.12,26.35,26.44,26.12,1725
121,121.0,2015-03-13,26.325,26.16,26.325,26.005,945
122,122.0,2015-03-16,26.155,26.26,26.39,26.155,2725
123,123.0,2015-03-17,26.425,26.405,26.425,26.26,5488
124,124.0,2015-03-18,26.475,26.465,26.615,26.26,3775
125,125.0,2015-03-19,26.96,26.63,26.96,26.53,2071
126,126.0,2015-03-20,26.79,26.715,26.79,26.465,8204
127,127.0,2015-03-23,26.715,26.35,26.715,26.35,1045
128,128.0,2015-03-24,26.28,26.465,26.53,26.26,1307
129,129.0,2015-03-25,26.37,26.115,26.415,26.11,2897
130,130.0,2015-03-26,26.025,25.97,26.025,25.7,11744
131,131.0,2015-03-27,26.5,25.94,26.5,25.94,1979
132,132.0,2015-03-30,26.26,26.56,26.56,26.255,1418
133,133.0,2015-03-31,26.6,26.765,26.84,26.555,4984
134,134.0,2015-04-01,26.715,27.03,27.03,26.715,68001
135,135.0,2015-04-02,27.105,27.085,27.105,27.04,1245
136,136.0,2015-04-07,27.205,27.58,27.58,27.205,3528
137,137.0,2015-04-08,27.7,28.16,28.16,27.7,446
138,138.0,2015-04-09,28.245,28.59,28.625,28.245,5548
139,139.0,2015-04-10,28.725,28.88,28.93,28.725,3989
140,140.0,2015-04-13,29.01,29.04,29.3,29.01,4947
141,141.0,2015-04-14,29.255,28.705,29.255,28.495,1815
142,142.0,2015-04-15,28.755,28.96,29.01,28.755,52888
143,143.0,2015-04-16,29.1,28.965,29.11,28.965,699
144,144.0,2015-04-17,28.985,28.34,28.985,28.275,5225
145,145.0,2015-04-20,28.58,28.49,28.585,28.42,3529
146,146.0,2015-04-21,28.87,28.73,28.915,28.73,1305
147,147.0,2015-04-22,28.865,28.94,28.965,28.64,6017
148,148.0,2015-04-23,29.17,28.865,29.17,28.815,1177
149,149.0,2015-04-24,28.895,28.945,29.0,28.83,2318
150,150.0,2015-04-27,29.195,29.025,29.195,29.025,2606
151,151.0,2015-04-28,28.865,28.825,28.925,28.825,1786
152,152.0,2015-04-29,28.635,28.14,28.635,28.04,9173
153,153.0,2015-04-30,28.07,27.64,28.07,27.535,5413
154,154.0,2015-05-04,27.66,27.845,27.9,27.66,745
155,155.0,2015-05-05,27.745,27.63,27.845,27.63,2996
156,156.0,2015-05-06,27.39,27.035,27.39,27.035,180
157,157.0,2015-05-07,26.71,26.92,26.945,26.5,1834
158,158.0,2015-05-08,27.21,27.47,27.47,27.09,991
159,159.0,2015-05-11,27.495,27.425,27.57,27.425,2361
160,160.0,2015-05-12,27.265,27.06,27.265,26.945,195
161,161.0,2015-05-13,27.07,26.88,27.145,26.88,450
162,162.0,2015-05-14,26.755,27.025,27.025,26.555,129
163,163.0,2015-05-15,26.89,26.995,27.11,26.89,691
164,164.0,2015-05-18,27.04,27.08,27.08,27.04,272
165,165.0,2015-05-19,27.475,27.635,27.8,27.475,1770
166,166.0,2015-05-20,27.845,27.675,27.845,27.49,5471
167,167.0,2015-05-21,27.49,27.465,27.49,27.4,511
168,168.0,2015-05-22,27.6,27.8,27.88,27.6,50015
169,169.0,2015-05-25,28.055,27.895,28.055,27.895,766
170,170.0,2015-05-26,28.035,27.8,28.035,27.8,994
171,171.0,2015-05-27,27.645,27.655,27.74,27.61,6735
172,172.0,2015-05-28,27.43,27.31,27.43,27.31,141
173,173.0,2015-05-29,27.27,27.04,27.27,27.04,318
174,174.0,2015-06-01,27.185,27.01,27.185,26.97,2008
175,175.0,2015-06-02,26.87,26.53,26.87,26.505,7433
176,176.0,2015-06-03,26.46,26.225,26.57,26.225,941
177,177.0,2015-06-04,26.045,25.87,26.045,25.75,2893
178,178.0,2015-06-05,25.87,26.035,26.225,25.77,4268
179,179.0,2015-06-08,26.04,25.82,26.04,25.82,3250
180,180.0,2015-06-09,25.475,25.555,25.675,25.425,3660
181,181.0,2015-06-10,25.47,25.75,25.765,25.415,732
182,182.0,2015-06-11,25.69,25.78,25.925,25.69,30879
183,183.0,2015-06-12,25.86,25.74,26.06,25.74,650
184,184.0,2015-06-15,25.685,25.5,25.685,25.395,800
185,185.0,2015-06-16,25.235,25.48,25.515,25.21,860
186,186.0,2015-06-17,25.55,25.43,25.56,25.425,2930
187,187.0,2015-06-18,25.41,25.58,25.595,25.365,600
188,188.0,2015-06-19,25.59,25.61,25.715,25.56,5741
189,189.0,2015-06-22,25.595,25.76,25.83,25.595,2890
190,190.0,2015-06-23,26.15,26.355,26.42,26.15,12890
191,191.0,2015-06-24,26.38,26.36,26.39,26.36,500
192,192.0,2015-06-25,26.205,26.17,26.305,26.17,2490
193,193.0,2015-06-26,26.015,26.07,26.07,25.97,145
194,194.0,2015-06-29,25.635,25.475,25.65,25.475,1142
195,195.0,2015-06-30,25.87,25.8,25.87,25.68,3492
196,196.0,2015-07-01,26.015,26.025,26.19,25.98,5118
197,197.0,2015-07-02,26.035,26.13,26.13,26.03,456
198,198.0,2015-07-03,26.0,25.875,26.0,25.82,761
199,199.0,2015-07-06,25.475,25.545,25.545,25.4,319
200,200.0,2015-07-07,25.39,24.895,25.39,24.895,198
201,201.0,2015-07-08,24.51,24.42,24.535,24.235,2937
202,202.0,2015-07-09,24.725,24.91,24.91,24.725,100
203,203.0,2015-07-10,25.1,25.035,25.13,24.855,2745
204,204.0,2015-07-13,25.095,25.665,25.665,25.095,1679
205,205.0,2015-07-14,25.58,25.555,25.58,25.35,604
206,206.0,2015-07-15,25.6,25.58,25.635,25.475,2625
207,207.0,2015-07-16,25.735,25.95,25.95,25.735,18119
208,208.0,2015-07-17,25.97,25.98,26.105,25.93,3095
209,209.0,2015-07-20,25.88,25.8,25.905,25.67,3744
210,210.0,2015-07-21,25.985,25.695,26.22,25.695,1995
211,211.0,2015-07-22,25.675,25.46,25.87,25.45,5540
212,212.0,2015-07-23,25.43,25.04,25.43,25.04,26522
213,213.0,2015-07-24,24.915,24.625,24.915,24.625,634
214,214.0,2015-07-27,23.98,23.905,24.545,23.905,449
215,215.0,2015-07-28,24.11,24.105,24.215,23.93,11107
216,216.0,2015-07-29,24.185,24.395,24.395,24.18,947
217,217.0,2015-07-30,24.385,24.265,24.415,24.265,200
218,218.0,2015-07-31,24.265,24.325,24.325,24.265,12977
219,219.0,2015-08-03,24.255,24.16,24.255,24.04,200
220,220.0,2015-08-04,24.22,24.285,24.285,24.22,64
221,221.0,2015-08-05,24.455,24.505,24.585,24.455,620
222,222.0,2015-08-06,24.255,24.06,24.255,24.03,309
223,223.0,2015-08-07,24.145,24.01,24.24,24.01,429
224,224.0,2015-08-10,24.11,24.175,24.175,24.11,124
225,225.0,2015-08-11,24.005,23.45,24.005,23.45,5954
226,226.0,2015-08-12,23.16,22.825,23.16,22.825,1758
227,227.0,2015-08-13,23.225,23.09,23.24,23.09,324
228,228.0,2015-08-14,22.97,23.15,23.22,22.965,18121
229,229.0,2015-08-17,23.26,22.96,23.26,22.905,3342
230,230.0,2015-08-18,22.83,22.81,22.83,22.755,1445
231,231.0,2015-08-19,22.685,22.345,22.685,22.345,19358
232,232.0,2015-08-20,22.16,21.83,22.16,21.79,18176
233,233.0,2015-08-21,21.48,21.115,21.6,21.115,3091
234,234.0,2015-08-24,20.01,19.49,20.1,19.325,14794
235,235.0,2015-08-25,20.085,20.915,20.985,20.05,11341
236,236.0,2015-08-26,20.385,20.48,20.72,20.345,1034
237,237.0,2015-08-27,21.17,21.775,21.82,21.17,1093
238,238.0,2015-08-28,21.8,21.91,21.91,21.595,1345
239,239.0,2015-08-31,21.695,21.68,21.7,21.625,1920
240,240.0,2015-09-01,21.47,21.07,21.47,21.07,188
241,241.0,2015-09-02,21.1,21.06,21.1,20.96,96
242,242.0,2015-09-03,21.24,21.705,21.76,21.21,3117
243,243.0,2015-09-04,21.3,20.965,21.31,20.965,1026
244,244.0,2015-09-07,21.07,20.825,21.07,20.795,507
245,245.0,2015-09-08,21.015,21.255,21.405,21.015,138
246,246.0,2015-09-09,21.7,21.65,21.84,21.62,10952
247,247.0,2015-09-10,21.265,21.305,21.38,21.25,1197
248,248.0,2015-09-11,21.345,21.17,21.345,21.17,1322
249,249.0,2015-09-14,21.18,21.23,21.325,21.18,179905
250,250.0,2015-09-15,21.355,21.52,21.52,21.3,522
251,251.0,2015-09-16,21.765,22.04,22.04,21.765,3685
252,252.0,2015-09-17,22.02,21.94,22.02,21.825,5035
253,253.0,2015-09-18,21.865,21.735,21.865,21.625,750
254,254.0,2015-09-21,21.65,21.795,21.815,21.65,233
255,255.0,2015-09-22,21.89,21.335,21.89,21.335,3055
256,256.0,2015-09-23,21.325,21.165,21.33,21.165,150
257,257.0,2015-09-24,20.96,20.58,21.03,20.575,955
258,258.0,2015-09-25,21.175,21.075,21.175,21.075,0
259,259.0,2015-09-28,21.115,20.5,21.115,20.5,324
260,260.0,2015-09-29,20.345,20.535,20.63,20.345,7390
261,261.0,2015-09-30,21.005,21.245,21.245,21.005,1165
262,262.0,2015-10-01,21.6,21.3,21.6,21.3,382
263,263.0,2015-10-02,21.46,21.38,21.48,21.06,1155
264,264.0,2015-10-05,21.875,22.2,22.2,21.875,113
265,265.0,2015-10-06,22.1,22.14,22.14,22.1,0
266,266.0,2015-10-07,22.51,22.62,22.725,22.51,1918
267,267.0,2015-10-08,22.51,22.68,22.695,22.395,2010
268,268.0,2015-10-09,22.94,22.98,23.09,22.75,3637
269,269.0,2015-10-12,22.965,22.775,22.965,22.72,4500
270,270.0,2015-10-13,22.58,22.495,22.58,22.38,778
271,271.0,2015-10-14,22.285,22.285,22.37,22.26,12173
272,272.0,2015-10-15,22.61,22.715,22.825,22.61,14158
273,273.0,2015-10-16,22.795,22.93,22.95,22.795,3729
274,274.0,2015-10-19,22.965,22.92,22.965,22.875,6098
275,275.0,2015-10-20,22.91,22.845,22.91,22.845,0
276,276.0,2015-10-21,22.735,22.69,22.77,22.625,52936
277,277.0,2015-10-22,22.655,23.31,23.31,22.655,3819
278,278.0,2015-10-23,23.46,23.79,23.845,23.46,1041
279,279.0,2015-10-26,23.705,23.565,23.705,23.565,136
280,280.0,2015-10-27,23.495,23.325,23.495,23.3,1360
281,281.0,2015-10-28,23.395,23.395,23.395,23.24,856
282,282.0,2015-10-29,23.285,23.1,23.285,23.04,33160
283,283.0,2015-10-30,23.14,22.995,23.14,22.99,2900
284,284.0,2015-11-02,22.94,23.2,23.2,22.94,3346
285,285.0,2015-11-03,23.31,23.675,23.675,23.31,931
286,286.0,2015-11-04,23.985,23.91,24.04,23.91,130
287,287.0,2015-11-05,23.94,23.835,23.94,23.835,1400
288,288.0,2015-11-06,23.785,23.63,23.785,23.63,22
289,289.0,2015-11-09,23.495,23.245,23.495,23.245,1674
290,290.0,2015-11-10,23.245,23.155,23.325,23.12,40504
291,291.0,2015-11-11,23.17,23.2,23.2,23.17,0
292,292.0,2015-11-12,23.26,23.05,23.3,23.05,1214
293,293.0,2015-11-13,22.865,22.68,22.88,22.57,24190
294,294.0,2015-11-16,22.555,22.78,22.82,22.555,16082
295,295.0,2015-11-17,23.095,23.28,23.28,23.09,1497
296,296.0,2015-11-18,23.085,23.26,23.26,23.085,0
297,297.0,2015-11-19,23.45,23.405,23.475,23.385,20867
298,298.0,2015-11-20,23.67,23.885,23.885,23.67,959
299,299.0,2015-11-23,23.78,23.865,23.88,23.725,248
300,300.0,2015-11-24,23.785,23.695,23.785,23.535,1091
301,301.0,2015-11-25,23.74,23.74,23.74,23.73,21
302,302.0,2015-11-26,23.72,23.81,23.84,23.72,57
303,303.0,2015-11-27,23.39,23.41,23.5,23.34,2498
304,304.0,2015-11-30,23.225,23.315,23.315,23.21,500
305,305.0,2015-12-01,23.5,23.35,23.5,23.35,808
306,306.0,2015-12-02,23.405,23.28,23.405,23.27,755
307,307.0,2015-12-03,23.29,22.48,23.35,22.48,1377
308,308.0,2015-12-04,22.455,22.49,22.51,22.28,2988
309,309.0,2015-12-07,22.465,22.3,22.54,22.3,444
310,310.0,2015-12-08,22.095,21.88,22.095,21.88,1
311,311.0,2015-12-09,21.845,21.745,21.845,21.705,1290
312,312.0,2015-12-10,21.595,21.58,21.635,21.58,825
313,313.0,2015-12-11,21.445,20.915,21.445,20.915,656
314,314.0,2015-12-14,21.25,20.785,21.25,20.785,1400
315,315.0,2015-12-15,21.035,21.59,21.59,21.035,2412
316,316.0,2015-12-16,21.745,21.645,21.745,21.61,748
317,317.0,2015-12-17,22.065,22.035,22.22,22.035,180
318,318.0,2015-12-18,21.95,21.91,21.97,21.855,1006
319,319.0,2015-12-21,21.915,21.675,22.0,21.675,760
320,320.0,2015-12-22,21.83,21.755,21.83,21.755,0
321,321.0,2015-12-23,22.11,22.305,22.305,22.1,2517
322,322.0,2015-12-24,22.1,22.14,22.24,22.1,26
323,323.0,2015-12-28,21.97,21.865,21.97,21.8,834
324,324.0,2015-12-29,21.94,22.12,22.12,21.94,605
325,325.0,2015-12-30,21.92,21.86,21.935,21.86,24
326,326.0,2015-12-31,21.86,21.89,21.915,21.86,367
327,327.0,2016-01-04,21.23,21.275,21.285,21.17,531
328,328.0,2016-01-05,21.33,21.605,21.605,21.33,1898
329,329.0,2016-01-06,21.365,21.22,21.365,21.16,5438
330,330.0,2016-01-07,20.72,20.56,20.72,20.3,4828
331,331.0,2016-01-08,20.51,20.035,20.51,20.035,2275
332,332.0,2016-01-11,19.995,19.94,20.08,19.94,1051
333,333.0,2016-01-12,19.735,20.11,20.11,19.735,870
334,334.0,2016-01-13,20.325,20.23,20.405,20.17,2842
335,335.0,2016-01-14,20.09,19.95,20.09,19.67,1300
336,336.0,2016-01-15,19.835,19.18,19.835,19.18,1438
337,337.0,2016-01-18,19.5,19.36,19.595,19.36,2754
338,338.0,2016-01-19,19.8,19.6,19.8,19.58,3279
339,339.0,2016-01-20,19.045,18.965,19.045,18.905,2961
340,340.0,2016-01-21,19.09,19.41,19.41,18.94,2677
341,341.0,2016-01-22,19.685,19.9,19.935,19.685,175
342,342.0,2016-01-25,19.955,19.855,19.955,19.845,30047
343,343.0,2016-01-26,19.48,19.92,19.92,19.475,4554
344,344.0,2016-01-27,19.775,19.965,19.965,19.76,693
345,345.0,2016-01-28,19.955,19.85,20.07,19.85,5495
346,346.0,2016-01-29,20.35,20.58,20.615,20.32,19303
347,347.0,2016-02-01,20.57,20.435,20.57,20.355,3492
348,348.0,2016-02-02,20.385,20.05,20.385,19.995,1285
349,349.0,2016-02-03,19.865,19.66,19.925,19.64,653
350,350.0,2016-02-04,20.02,20.02,20.1,20.015,17425
351,351.0,2016-02-05,20.025,19.935,20.025,19.935,625
352,352.0,2016-02-08,19.97,19.415,19.97,19.415,200
353,353.0,2016-02-09,19.49,19.005,19.49,19.005,465
354,354.0,2016-02-10,19.19,19.41,19.445,19.08,1502
355,355.0,2016-02-11,19.115,18.625,19.115,18.625,17792
356,356.0,2016-02-12,18.89,19.14,19.14,18.89,12779
357,357.0,2016-02-15,19.5,19.61,19.625,19.5,7688
358,358.0,2016-02-16,19.79,19.665,19.79,19.59,6608
359,359.0,2016-02-17,19.56,20.18,20.18,19.56,0
360,360.0,2016-02-18,20.16,20.135,20.16,20.08,2510
361,361.0,2016-02-19,20.01,20.015,20.105,19.925,1272
362,362.0,2016-02-22,20.225,20.555,20.555,20.225,1093
363,363.0,2016-02-23,20.33,20.29,20.515,20.29,274
364,364.0,2016-02-24,20.225,19.85,20.225,19.845,205
365,365.0,2016-02-25,20.02,20.095,20.19,19.935,12209
366,366.0,2016-02-26,20.37,20.375,20.48,20.37,48783
367,367.0,2016-02-29,20.21,20.695,20.695,20.21,390
368,368.0,2016-03-01,20.775,21.175,21.175,20.775,5833
369,369.0,2016-03-02,21.38,21.445,21.465,21.205,132753
370,370.0,2016-03-03,21.46,21.455,21.525,21.455,1218
371,371.0,2016-03-04,21.57,21.85,21.9,21.55,6901
372,372.0,2016-03-07,21.77,21.9,21.9,21.7,1235
373,373.0,2016-03-08,21.465,21.43,21.56,21.315,3724
374,374.0,2016-03-09,21.53,21.655,21.715,21.53,1533
375,375.0,2016-03-10,21.7,21.105,22.0,21.105,294
376,376.0,2016-03-11,21.66,21.775,21.775,21.66,0
377,377.0,2016-03-14,21.875,21.835,21.875,21.77,613
378,378.0,2016-03-15,21.555,21.425,21.555,21.425,100
379,379.0,2016-03-16,21.505,21.52,21.52,21.425,558
380,380.0,2016-03-17,21.805,22.0,22.0,21.805,908
381,381.0,2016-03-18,22.05,22.255,22.28,21.97,27832
382,382.0,2016-03-21,22.035,22.32,22.345,22.035,1200
383,383.0,2016-03-22,22.225,22.375,22.395,22.225,1142
384,384.0,2016-03-23,22.33,22.11,22.33,22.02,3417
385,385.0,2016-03-24,21.99,21.955,21.99,21.855,2777
386,386.0,2016-03-29,21.98,21.955,22.015,21.95,3992
387,387.0,2016-03-30,22.22,22.375,22.44,22.22,480
388,388.0,2016-03-31,22.195,22.285,22.33,22.195,1485
389,389.0,2016-04-01,22.0,21.985,22.0,21.73,9076
390,390.0,2016-04-04,22.065,21.99,22.13,21.99,74
391,391.0,2016-04-05,21.685,21.555,21.685,21.545,27
392,392.0,2016-04-06,21.625,21.56,21.625,21.56,65
393,393.0,2016-04-07,21.59,21.37,21.6,21.37,123
394,394.0,2016-04-08,21.56,21.63,21.675,21.54,292
395,395.0,2016-04-11,21.755,21.88,21.905,21.7,273
396,396.0,2016-04-12,21.94,22.105,22.105,21.855,727
397,397.0,2016-04-13,22.435,22.835,22.835,22.435,712
398,398.0,2016-04-14,22.675,22.79,22.79,22.675,102719
399,399.0,2016-04-15,22.825,22.7,22.825,22.625,1215
400,400.0,2016-04-18,22.385,22.65,22.68,22.385,1206
401,401.0,2016-04-19,22.645,22.845,22.845,22.645,0
402,402.0,2016-04-20,22.585,22.79,22.805,22.575,1684
403,403.0,2016-04-21,22.93,22.795,22.935,22.795,34913
404,404.0,2016-04-22,22.69,22.71,22.71,22.65,1696
405,405.0,2016-04-25,22.74,22.5,22.74,22.485,41
406,406.0,2016-04-26,22.505,22.57,22.59,22.5,10797
407,407.0,2016-04-27,22.55,22.555,22.555,22.55,0
408,408.0,2016-04-28,22.435,22.645,22.645,22.315,1250
409,409.0,2016-04-29,22.25,22.055,22.31,22.055,417
410,410.0,2016-05-02,22.21,21.915,22.21,21.915,1166
411,411.0,2016-05-03,21.83,21.37,21.83,21.37,17734
412,412.0,2016-05-04,21.405,21.135,21.405,21.135,825
413,413.0,2016-05-05,21.27,21.265,21.27,21.265,0
414,414.0,2016-05-06,21.135,21.185,21.185,21.005,5114
415,415.0,2016-05-09,21.3,20.985,21.375,20.985,1108
416,416.0,2016-05-10,21.285,21.3,21.315,21.225,4840
417,417.0,2016-05-11,21.32,21.345,21.385,21.32,669
418,418.0,2016-05-12,21.275,21.265,21.485,21.265,1715
419,419.0,2016-05-13,21.265,21.315,21.315,21.235,859
420,420.0,2016-05-16,21.255,21.32,21.32,21.255,2499
421,421.0,2016-05-17,21.515,21.315,21.515,21.315,48
422,422.0,2016-05-18,21.285,21.315,21.35,21.125,7329
423,423.0,2016-05-19,21.185,20.93,21.185,20.93,0
424,424.0,2016-05-20,21.125,21.27,21.27,21.125,17247
425,425.0,2016-05-23,21.275,21.265,21.385,21.23,1000
426,426.0,2016-05-24,21.115,21.515,21.515,21.115,475
427,427.0,2016-05-25,21.625,21.725,21.755,21.625,197
428,428.0,2016-05-26,21.735,21.795,21.805,21.645,1363
429,429.0,2016-05-27,21.855,21.98,21.98,21.855,2057
430,430.0,2016-05-30,21.96,21.955,21.96,21.935,170
431,431.0,2016-05-31,22.075,21.91,22.075,21.91,3279
432,432.0,2016-06-01,21.975,21.825,21.975,21.8,56
433,433.0,2016-06-02,21.875,21.96,22.0,21.86,944
434,434.0,2016-06-03,21.93,21.93,22.1,21.925,6553
435,435.0,2016-06-06,22.05,22.205,22.205,22.05,23
436,436.0,2016-06-07,22.275,22.44,22.475,22.275,9351
437,437.0,2016-06-08,22.385,22.465,22.465,22.385,541
438,438.0,2016-06-09,22.49,22.35,22.49,22.33,16741
439,439.0,2016-06-10,22.295,22.035,22.295,22.0,44851
440,440.0,2016-06-13,21.8,21.685,21.8,21.6,1170
441,441.0,2016-06-14,21.66,21.535,21.66,21.535,1
442,442.0,2016-06-15,21.74,21.8,21.83,21.715,48
443,443.0,2016-06-16,21.51,21.65,21.65,21.29,9249
444,444.0,2016-06-17,21.64,21.685,21.75,21.64,36900
445,445.0,2016-06-20,21.975,22.165,22.165,21.975,50
446,446.0,2016-06-21,22.04,22.225,22.225,22.04,0
447,447.0,2016-06-22,22.39,22.41,22.41,22.39,0
448,448.0,2016-06-23,22.26,22.55,22.55,22.26,1934
449,449.0,2016-06-24,21.0,22.045,22.045,21.0,1968
450,450.0,2016-06-27,22.155,21.685,22.155,21.685,0
451,451.0,2016-06-28,22.025,22.16,22.215,22.025,443
452,452.0,2016-06-29,22.355,22.72,22.73,22.355,1528
453,453.0,2016-06-30,22.665,22.93,22.93,22.665,4323
454,454.0,2016-07-01,23.225,23.08,23.225,23.08,476
455,455.0,2016-07-04,23.24,23.1,23.24,23.095,6569
456,456.0,2016-07-05,22.99,22.79,22.99,22.69,10584
457,457.0,2016-07-06,22.53,22.53,22.645,22.45,5299
458,458.0,2016-07-07,22.815,22.74,22.9,22.74,18655
459,459.0,2016-07-08,22.725,23.125,23.125,22.725,7905
460,460.0,2016-07-11,23.34,23.485,23.485,23.3,321
461,461.0,2016-07-12,23.45,23.72,23.72,23.45,5269
462,462.0,2016-07-13,23.66,23.505,23.66,23.505,447
463,463.0,2016-07-14,23.76,23.945,23.945,23.76,4613
464,464.0,2016-07-15,23.78,23.97,24.0,23.78,549
465,465.0,2016-07-18,24.01,24.045,24.05,23.97,2635
466,466.0,2016-07-19,24.005,24.095,24.095,23.94,1001
467,467.0,2016-07-20,24.18,24.22,24.25,24.145,229
468,468.0,2016-07-21,24.17,24.15,24.225,24.15,4837
469,469.0,2016-07-22,24.09,24.22,24.22,24.09,1183
470,470.0,2016-07-25,24.25,24.13,24.27,24.09,1168
471,471.0,2016-07-26,24.265,24.23,24.265,24.18,1041
472,472.0,2016-07-27,24.305,24.27,24.35,24.27,1320
473,473.0,2016-07-28,24.29,24.02,24.29,24.02,6924
474,474.0,2016-07-29,24.015,24.005,24.025,23.9,10552
475,475.0,2016-08-01,24.25,24.16,24.25,24.08,4586
476,476.0,2016-08-02,24.075,23.75,24.075,23.75,103
477,477.0,2016-08-03,23.71,23.825,23.83,23.63,5044
478,478.0,2016-08-04,24.01,24.16,24.16,24.01,4891
479,479.0,2016-08-05,24.325,24.495,24.57,24.315,6227
480,480.0,2016-08-08,24.59,24.73,24.745,24.59,11412
481,481.0,2016-08-09,24.94,24.94,24.94,24.94,29330
482,482.0,2016-08-10,24.695,24.65,24.755,24.65,31971
483,483.0,2016-08-11,24.725,24.89,24.89,24.675,1600
484,484.0,2016-08-12,24.96,24.93,24.96,24.895,100
485,485.0,2016-08-15,24.97,25.165,25.18,24.97,890
486,486.0,2016-08-16,25.005,24.79,25.005,24.79,809
487,487.0,2016-08-17,24.755,24.45,24.755,24.45,8952
488,488.0,2016-08-18,24.635,24.705,24.705,24.635,1034
489,489.0,2016-08-19,24.545,24.525,24.545,24.525,0
490,490.0,2016-08-22,24.42,24.285,24.51,24.285,550
491,491.0,2016-08-23,24.365,24.46,24.475,24.305,473
492,492.0,2016-08-24,24.24,24.31,24.31,24.24,1825
493,493.0,2016-08-25,24.365,24.34,24.365,24.23,1486
494,494.0,2016-08-26,24.3,24.6,24.625,24.3,650
495,495.0,2016-08-29,24.345,24.485,24.505,24.32,2519
496,496.0,2016-08-30,24.555,24.555,24.64,24.555,1105
497,497.0,2016-08-31,24.515,24.35,24.57,24.35,1567
498,498.0,2016-09-01,24.37,24.205,24.445,24.17,3587
499,499.0,2016-09-02,24.35,24.755,24.755,24.35,982
500,500.0,2016-09-05,25.0,25.005,25.005,24.965,3527
501,501.0,2016-09-06,25.02,25.085,25.115,25.02,3383
502,502.0,2016-09-07,25.16,25.105,25.165,25.085,2855
503,503.0,2016-09-08,25.13,25.045,25.13,24.96,676
504,504.0,2016-09-09,24.91,24.52,24.91,24.52,1610
505,505.0,2016-09-12,24.085,24.145,24.15,23.825,5824
506,506.0,2016-09-13,24.17,23.82,24.17,23.82,4472
507,507.0,2016-09-14,23.92,23.93,24.015,23.915,24599
508,508.0,2016-09-15,24.005,24.24,24.24,23.975,1453
509,509.0,2016-09-16,24.25,24.24,24.285,24.2,3884
510,510.0,2016-09-19,24.5,24.58,24.58,24.5,750
511,511.0,2016-09-20,24.53,24.535,24.62,24.45,3156
512,512.0,2016-09-21,24.79,24.76,24.81,24.655,4378
513,513.0,2016-09-22,25.15,25.15,25.155,25.15,10293
514,514.0,2016-09-23,25.115,25.03,25.115,25.02,2451
515,515.0,2016-09-26,24.695,24.52,24.695,24.52,2735
516,516.0,2016-09-27,24.86,24.76,24.86,24.7,3578
517,517.0,2016-09-28,24.94,24.82,24.985,24.795,730
518,518.0,2016-09-29,24.995,24.83,25.05,24.83,3069
519,519.0,2016-09-30,24.575,24.745,24.78,24.575,12946
520,520.0,2016-10-03,24.705,24.805,24.835,24.705,3239
521,521.0,2016-10-04,24.9,25.065,25.085,24.9,2046
522,522.0,2016-10-05,24.82,24.96,24.96,24.82,1440
523,523.0,2016-10-06,25.035,24.99,25.035,24.92,2750
524,524.0,2016-10-07,25.035,25.01,25.095,24.96,43330
525,525.0,2016-10-10,25.06,25.365,25.395,25.0,1795
526,526.0,2016-10-11,24.98,24.945,25.025,24.945,1107
527,527.0,2016-10-12,24.965,24.99,25.07,24.9,4525
528,528.0,2016-10-13,24.755,24.64,24.755,24.5,4771
529,529.0,2016-10-14,24.825,24.965,25.05,24.825,1424
530,530.0,2016-10-17,24.87,24.88,24.88,24.79,299
531,531.0,2016-10-18,25.045,25.285,25.38,25.045,1553
532,532.0,2016-10-19,25.385,25.475,25.515,25.3,13739
533,533.0,2016-10-20,25.49,25.525,25.525,25.3,8032
534,534.0,2016-10-21,25.505,25.55,25.58,25.44,7218
535,535.0,2016-10-24,25.78,25.75,25.78,25.75,254
536,536.0,2016-10-25,25.895,25.725,25.895,25.725,1714
537,537.0,2016-10-26,25.63,25.485,25.63,25.375,13576
538,538.0,2016-10-27,25.33,25.305,25.33,25.26,7073
539,539.0,2016-10-28,25.155,25.245,25.29,25.155,4815
540,540.0,2016-10-31,25.185,25.185,25.21,25.12,7019
541,541.0,2016-11-01,25.23,24.725,25.26,24.725,2695
542,542.0,2016-11-02,24.58,24.33,24.585,24.32,2385
543,543.0,2016-11-03,24.325,24.32,24.475,24.32,3426
544,544.0,2016-11-04,24.29,24.205,24.29,24.015,2705
545,545.0,2016-11-07,24.785,25.03,25.03,24.67,22540
546,546.0,2016-11-08,24.98,25.23,25.23,24.97,25181
547,547.0,2016-11-09,24.22,24.85,24.85,24.215,90184
548,548.0,2016-11-10,25.01,24.22,25.08,24.09,25369
549,549.0,2016-11-11,24.08,23.485,24.08,23.4,67998
550,550.0,2016-11-14,23.805,23.695,23.89,23.595,21373
551,551.0,2016-11-15,23.84,24.125,24.16,23.79,1214
552,552.0,2016-11-16,24.285,24.16,24.285,24.01,5786
553,553.0,2016-11-17,24.21,24.465,24.465,24.165,13059
554,554.0,2016-11-18,24.45,24.385,24.49,24.275,20436
555,555.0,2016-11-21,24.36,24.57,24.6,24.325,13946
556,556.0,2016-11-22,24.825,24.755,24.875,24.755,3011
557,557.0,2016-11-23,24.835,24.68,24.86,24.68,7098
558,558.0,2016-11-24,24.82,24.815,24.82,24.75,10730
559,559.0,2016-11-25,24.79,24.79,24.85,24.79,22663
560,560.0,2016-11-28,24.92,24.93,24.93,24.895,2863
561,561.0,2016-11-29,24.93,24.87,24.955,24.82,12478
562,562.0,2016-11-30,24.81,25.0,25.015,24.795,33056
563,563.0,2016-12-01,24.975,24.725,24.975,24.72,6553
564,564.0,2016-12-02,24.34,24.545,24.585,24.34,6492
565,565.0,2016-12-05,24.595,24.555,24.615,24.555,711
566,566.0,2016-12-06,24.485,24.6,24.62,24.485,6748
567,567.0,2016-12-07,24.745,24.825,24.9,24.745,2559
568,568.0,2016-12-08,25.07,25.355,25.355,24.91,3166
569,569.0,2016-12-09,25.29,25.54,25.575,25.29,960
570,570.0,2016-12-12,25.35,25.22,25.35,25.165,32311
571,571.0,2016-12-13,25.105,25.295,25.37,25.105,1980
572,572.0,2016-12-14,25.185,25.12,25.185,25.11,7827
573,573.0,2016-12-15,25.145,25.165,25.19,25.02,1589
574,574.0,2016-12-16,25.11,25.065,25.115,25.025,2083
575,575.0,2016-12-19,25.0,24.965,25.04,24.95,1955
576,576.0,2016-12-20,24.97,25.08,25.195,24.97,2200
577,577.0,2016-12-21,25.045,24.92,25.045,24.895,10121
578,578.0,2016-12-22,24.395,24.395,24.395,24.395,1277
579,579.0,2016-12-23,24.575,24.545,24.575,24.49,3406
580,580.0,2016-12-27,24.9,24.725,24.9,24.605,5215
581,581.0,2016-12-28,24.55,25.005,25.025,24.55,9084
582,582.0,2016-12-29,25.16,25.16,25.17,24.97,83399
583,583.0,2016-12-30,25.155,24.945,25.155,24.945,606
584,584.0,2017-01-02,25.1,25.155,25.25,25.1,1188
585,585.0,2017-01-03,25.375,25.51,25.8,25.375,6518
586,586.0,2017-01-04,25.57,25.575,25.58,25.57,210
587,587.0,2017-01-05,25.58,25.55,25.675,25.5,1425
588,588.0,2017-01-06,25.61,25.565,25.64,25.54,665
589,589.0,2017-01-09,25.585,25.575,25.625,25.535,97503
590,590.0,2017-01-10,25.56,25.765,25.765,25.56,12596
591,591.0,2017-01-11,25.825,25.855,25.885,25.825,133
592,592.0,2017-01-12,25.79,25.74,25.935,25.74,2246
593,593.0,2017-01-13,25.85,25.92,25.92,25.8,1389
594,594.0,2017-01-16,25.8,25.8,25.815,25.745,3220
595,595.0,2017-01-17,25.785,25.69,25.785,25.65,1443
596,596.0,2017-01-18,25.835,25.765,25.835,25.765,36
597,597.0,2017-01-19,25.78,25.71,25.785,25.665,49154
598,598.0,2017-01-20,25.64,25.61,25.725,25.61,12666
599,599.0,2017-01-23,25.585,25.75,25.79,25.585,17499
600,600.0,2017-01-24,25.805,25.995,26.01,25.805,342
601,601.0,2017-01-25,26.115,26.25,26.26,26.1,66805
602,602.0,2017-01-26,26.445,26.43,26.445,26.4,5989
603,603.0,2017-01-27,26.36,26.295,26.36,26.265,2333
604,604.0,2017-01-30,26.265,26.1,26.3,26.1,26477
605,605.0,2017-01-31,26.115,25.935,26.115,25.935,2544
606,606.0,2017-02-01,26.03,26.11,26.245,25.99,5389
607,607.0,2017-02-02,26.0,26.095,26.095,25.97,2304
608,608.0,2017-02-03,26.125,26.31,26.31,26.125,5092
609,609.0,2017-02-06,26.455,26.39,26.47,26.39,2346
610,610.0,2017-02-07,26.42,26.36,26.46,26.36,12817
611,611.0,2017-02-08,26.465,26.45,26.505,26.45,2400
612,612.0,2017-02-09,26.6,26.73,26.73,26.53,377
613,613.0,2017-02-10,26.745,26.895,26.895,26.745,1040
614,614.0,2017-02-13,26.94,27.135,27.135,26.94,639
615,615.0,2017-02-14,27.125,27.125,27.18,27.07,5545
616,616.0,2017-02-15,27.36,27.365,27.405,27.3,8017
617,617.0,2017-02-16,27.315,27.15,27.325,27.15,36745
618,618.0,2017-02-17,27.085,26.995,27.085,26.88,16310
619,619.0,2017-02-20,27.18,27.21,27.23,27.14,7151
620,620.0,2017-02-21,27.32,27.47,27.5,27.32,915
621,621.0,2017-02-22,27.715,27.59,27.715,27.59,2388
622,622.0,2017-02-23,27.65,27.6,27.705,27.6,28864
623,623.0,2017-02-24,27.46,27.23,27.46,27.17,31348
624,624.0,2017-02-27,27.26,27.115,27.26,27.1,867
625,625.0,2017-02-28,27.14,26.925,27.14,26.925,2081
626,626.0,2017-03-01,27.07,27.27,27.305,27.07,2603
627,627.0,2017-03-02,27.31,27.11,27.31,27.11,793
628,628.0,2017-03-03,26.955,27.0,27.0,26.86,7765
629,629.0,2017-03-06,26.94,26.985,27.045,26.93,9177
630,630.0,2017-03-07,27.085,27.09,27.12,27.04,6758
631,631.0,2017-03-08,27.15,27.05,27.15,27.05,1988
632,632.0,2017-03-09,26.89,26.64,26.89,26.61,3531
633,633.0,2017-03-10,26.69,26.64,26.75,26.625,5230
634,634.0,2017-03-13,26.82,27.035,27.035,26.82,6890
635,635.0,2017-03-14,27.13,27.045,27.13,27.03,3543
636,636.0,2017-03-15,27.07,27.185,27.185,27.07,2178
637,637.0,2017-03-16,27.48,27.6,27.67,27.48,4965
638,638.0,2017-03-17,27.525,27.54,27.54,27.445,1668
639,639.0,2017-03-20,27.57,27.875,27.875,27.57,11496
640,640.0,2017-03-21,27.81,27.515,27.885,27.5,26492
641,641.0,2017-03-22,27.32,27.51,27.51,27.305,8073
642,642.0,2017-03-23,27.46,27.62,27.62,27.46,3450
643,643.0,2017-03-24,27.505,27.59,27.59,27.495,52
644,644.0,2017-03-27,27.295,27.31,27.31,27.155,8678
645,645.0,2017-03-28,27.33,27.49,27.49,27.33,20
646,646.0,2017-03-29,27.54,27.755,27.755,27.53,4387
647,647.0,2017-03-30,27.63,27.815,27.815,27.63,1432
648,648.0,2017-03-31,27.685,27.61,27.685,27.61,110
649,649.0,2017-04-03,27.725,27.78,27.8,27.705,2986
650,650.0,2017-04-04,27.785,27.905,27.905,27.74,2136
651,651.0,2017-04-05,27.915,27.965,28.055,27.91,5494
652,652.0,2017-04-06,27.85,27.85,27.85,27.72,986
653,653.0,2017-04-07,27.705,27.895,27.895,27.705,820
654,654.0,2017-04-10,27.845,27.73,27.845,27.715,2355
655,655.0,2017-04-11,27.715,27.545,27.715,27.54,962
656,656.0,2017-04-12,27.73,27.685,27.85,27.685,18704
657,657.0,2017-04-13,27.815,27.88,27.935,27.765,3643
658,658.0,2017-04-18,27.73,27.47,27.73,27.44,4980
659,659.0,2017-04-19,27.36,27.36,27.385,27.35,4467
660,660.0,2017-04-20,27.325,27.335,27.34,27.295,8535
661,661.0,2017-04-21,27.595,27.565,27.605,27.54,2532
662,662.0,2017-04-24,27.575,27.545,27.575,27.5,1043
663,663.0,2017-04-25,27.705,27.645,27.745,27.645,773
664,664.0,2017-04-26,27.69,27.785,27.785,27.675,1246
665,665.0,2017-04-27,27.605,27.66,27.725,27.585,5151
666,666.0,2017-04-28,27.66,27.6,27.66,27.58,68
667,667.0,2017-05-02,27.77,27.94,27.94,27.77,1975
668,668.0,2017-05-03,27.915,27.785,27.915,27.73,5948
669,669.0,2017-05-04,27.775,27.52,27.775,27.485,10095
670,670.0,2017-05-05,27.26,27.42,27.45,27.26,25286
671,671.0,2017-05-08,27.635,27.725,27.765,27.635,10626
672,672.0,2017-05-09,27.81,28.155,28.185,27.81,1206
673,673.0,2017-05-10,28.03,28.305,28.305,28.03,33903
674,674.0,2017-05-11,28.395,28.295,28.395,28.255,3387
675,675.0,2017-05-12,28.39,28.36,28.39,28.315,10117
676,676.0,2017-05-15,28.395,28.415,28.415,28.355,27561
677,677.0,2017-05-16,28.31,28.2,28.31,28.165,4063
678,678.0,2017-05-17,27.99,27.635,28.035,27.635,10390
679,679.0,2017-05-18,27.365,27.125,27.365,26.91,25540
680,680.0,2017-05-19,27.47,27.47,27.485,27.47,5269
681,681.0,2017-05-22,27.605,27.43,27.605,27.4,105
682,682.0,2017-05-23,27.32,27.5,27.5,27.32,3051
683,683.0,2017-05-24,27.665,27.665,27.665,27.525,1401
684,684.0,2017-05-25,27.795,27.79,27.795,27.75,278
685,685.0,2017-05-26,27.76,27.955,27.955,27.76,18
686,686.0,2017-05-29,27.985,27.915,27.985,27.915,572
687,687.0,2017-05-30,27.915,27.78,27.915,27.775,174
688,688.0,2017-05-31,27.8,27.47,27.8,27.47,5282
689,689.0,2017-06-01,27.575,27.685,27.685,27.575,2787
690,690.0,2017-06-02,27.795,27.76,27.84,27.7,3437
691,691.0,2017-06-05,27.835,27.81,27.86,27.795,794
692,692.0,2017-06-06,27.77,27.735,27.79,27.72,6077
693,693.0,2017-06-07,27.66,27.65,27.785,27.65,7792
694,694.0,2017-06-08,27.795,27.925,27.99,27.795,9199
695,695.0,2017-06-09,28.075,28.085,28.135,28.05,1673
696,696.0,2017-06-12,27.71,27.665,27.71,27.55,3847
697,697.0,2017-06-13,27.76,27.745,27.76,27.705,2608
698,698.0,2017-06-14,27.755,27.77,27.84,27.755,160
699,699.0,2017-06-15,27.695,27.615,27.695,27.53,102
700,700.0,2017-06-16,27.69,27.51,27.69,27.51,2845
701,701.0,2017-06-19,27.745,27.945,27.945,27.745,3342
702,702.0,2017-06-20,27.98,27.825,27.98,27.79,7781
703,703.0,2017-06-21,27.74,27.795,27.795,27.67,36152
704,704.0,2017-06-22,27.75,27.93,27.93,27.75,1573
705,705.0,2017-06-23,27.86,27.9,27.905,27.83,5800
706,706.0,2017-06-26,28.075,28.09,28.16,28.075,1496
707,707.0,2017-06-27,28.12,27.77,28.12,27.72,18605
708,708.0,2017-06-28,27.37,27.575,27.575,27.37,5397
709,709.0,2017-06-29,27.59,27.195,27.59,27.195,1021
710,710.0,2017-06-30,27.175,27.35,27.4,27.175,14093
711,711.0,2017-07-03,27.44,27.575,27.63,27.44,15402
712,712.0,2017-07-04,27.335,27.46,27.46,27.335,6218
713,713.0,2017-07-05,27.46,27.49,27.53,27.41,6947
714,714.0,2017-07-06,27.46,27.175,27.485,27.125,9344
715,715.0,2017-07-07,27.155,27.16,27.225,27.08,5613
716,716.0,2017-07-10,27.285,27.445,27.445,27.26,25
717,717.0,2017-07-11,27.57,27.49,27.6,27.49,4473
718,718.0,2017-07-12,27.635,28.105,28.105,27.635,7810
719,719.0,2017-07-13,28.145,28.315,28.35,28.145,13211
720,720.0,2017-07-14,28.285,28.475,28.475,28.285,2765
721,721.0,2017-07-17,28.49,28.395,28.49,28.37,4832
722,722.0,2017-07-18,28.31,28.2,28.36,28.2,1077
723,723.0,2017-07-19,28.475,28.57,28.57,28.475,100
724,724.0,2017-07-20,28.515,28.265,28.56,28.265,5542
725,725.0,2017-07-21,28.23,28.165,28.23,28.15,500
726,726.0,2017-07-24,28.28,28.285,28.35,28.28,1888
727,727.0,2017-07-25,28.29,28.295,28.34,28.29,218
728,728.0,2017-07-26,28.305,28.355,28.36,28.28,6380
729,729.0,2017-07-27,28.4,28.51,28.51,28.4,10284
730,730.0,2017-07-28,28.13,28.015,28.13,28.0,736
731,731.0,2017-07-31,28.22,27.97,28.22,27.97,8962
732,732.0,2017-08-01,28.145,28.08,28.145,28.045,1404
733,733.0,2017-08-02,28.065,27.905,28.085,27.83,6374
734,734.0,2017-08-03,27.795,27.75,27.9,27.75,16172
735,735.0,2017-08-04,27.885,28.155,28.155,27.885,7771
736,736.0,2017-08-07,28.175,28.275,28.275,28.13,6213
737,737.0,2017-08-08,28.35,28.6,28.6,28.34,756
738,738.0,2017-08-09,28.255,28.125,28.255,28.125,7531
739,739.0,2017-08-10,28.08,27.725,28.08,27.725,7911
740,740.0,2017-08-11,27.48,27.41,27.48,27.24,10431
741,741.0,2017-08-14,27.58,27.87,27.87,27.58,450
742,742.0,2017-08-15,27.925,27.885,27.985,27.82,5474
743,743.0,2017-08-16,27.96,28.195,28.195,27.96,0
744,744.0,2017-08-17,28.015,28.03,28.23,28.015,6831
745,745.0,2017-08-18,27.88,28.065,28.065,27.85,22
746,746.0,2017-08-21,28.065,27.965,28.065,27.955,647
747,747.0,2017-08-22,28.175,28.29,28.29,28.16,619
748,748.0,2017-08-23,28.28,28.265,28.28,28.195,12902
749,749.0,2017-08-24,28.365,28.365,28.48,28.365,6587
750,750.0,2017-08-25,28.52,28.365,28.58,28.365,395
751,751.0,2017-08-28,28.175,28.115,28.2,28.11,1530
752,752.0,2017-08-29,27.765,27.84,27.84,27.59,308
753,753.0,2017-08-30,28.145,28.205,28.21,28.145,7318
754,754.0,2017-08-31,28.28,28.385,28.4,28.28,7275
755,755.0,2017-09-01,28.445,28.57,28.57,28.335,28571
756,756.0,2017-09-04,28.215,28.27,28.315,28.14,645
757,757.0,2017-09-05,28.245,28.19,28.33,28.19,16633
758,758.0,2017-09-06,28.07,28.15,28.15,28.07,1427
759,759.0,2017-09-07,28.245,28.19,28.245,28.17,20756
760,760.0,2017-09-08,28.15,28.055,28.15,28.055,182
761,761.0,2017-09-11,28.35,28.5,28.5,28.32,350
762,762.0,2017-09-12,28.52,28.59,28.64,28.52,2587
763,763.0,2017-09-13,28.495,28.575,28.575,28.39,201
764,764.0,2017-09-14,28.675,28.675,28.695,28.66,459
765,765.0,2017-09-15,28.64,28.575,28.65,28.49,2650
766,766.0,2017-09-18,28.98,28.82,28.98,28.82,2294
767,767.0,2017-09-19,28.715,28.705,28.73,28.685,5003
768,768.0,2017-09-20,28.7,28.71,28.715,28.675,2731
769,769.0,2017-09-21,28.94,28.78,28.94,28.78,405
770,770.0,2017-09-22,28.595,28.52,28.595,28.485,2599
771,771.0,2017-09-25,28.505,28.355,28.565,28.355,10684
772,772.0,2017-09-26,28.325,28.465,28.5,28.325,979
773,773.0,2017-09-27,28.515,28.32,28.53,28.32,5399
774,774.0,2017-09-28,28.305,28.215,28.305,28.15,3759
775,775.0,2017-09-29,28.34,28.47,28.47,28.33,4131
776,776.0,2017-10-02,28.63,28.755,28.82,28.515,9179
777,777.0,2017-10-03,28.98,29.055,29.055,28.89,1821
778,778.0,2017-10-04,29.135,29.135,29.135,29.1,547
779,779.0,2017-10-05,29.1,29.47,29.47,29.1,823
780,780.0,2017-10-06,29.43,29.235,29.43,29.23,9567
781,781.0,2017-10-09,29.245,29.15,29.245,29.15,0
782,782.0,2017-10-10,29.185,29.31,29.31,29.185,573
783,783.0,2017-10-11,29.325,29.29,29.325,29.23,7658
784,784.0,2017-10-12,29.38,29.42,29.45,29.38,498
785,785.0,2017-10-13,29.45,29.66,29.66,29.44,955
786,786.0,2017-10-16,29.785,29.74,29.8,29.74,994
787,787.0,2017-10-17,29.795,29.665,29.8,29.64,20708
788,788.0,2017-10-18,29.725,29.69,29.785,29.69,658
789,789.0,2017-10-19,29.495,29.24,29.495,29.15,2042
790,790.0,2017-10-20,29.465,29.53,29.53,29.46,5661
791,791.0,2017-10-23,29.57,29.42,29.6,29.42,914
792,792.0,2017-10-24,29.4,29.41,29.41,29.3,680
793,793.0,2017-10-25,29.43,29.085,29.43,29.085,32
794,794.0,2017-10-26,29.05,29.44,29.49,29.05,1137
795,795.0,2017-10-27,29.495,29.815,29.815,29.495,5796
796,796.0,2017-10-30,29.775,29.655,29.79,29.62,25268
797,797.0,2017-10-31,29.795,29.81,29.84,29.795,10862
798,798.0,2017-11-01,30.065,30.145,30.22,30.065,9617
799,799.0,2017-11-02,30.095,29.965,30.095,29.9,9506
800,800.0,2017-11-03,29.99,30.015,30.07,29.92,3400
801,801.0,2017-11-06,30.02,30.27,30.27,30.02,1572
802,802.0,2017-11-07,30.41,30.26,30.41,30.26,83
803,803.0,2017-11-08,30.29,30.28,30.295,30.195,1039
804,804.0,2017-11-09,30.29,30.0,30.335,30.0,2465
805,805.0,2017-11-10,30.14,29.86,30.14,29.83,2029
806,806.0,2017-11-13,29.955,29.83,29.955,29.7,238
807,807.0,2017-11-14,29.7,29.395,29.7,29.395,22470
808,808.0,2017-11-15,29.115,29.19,29.19,29.0,383
809,809.0,2017-11-16,29.48,29.73,29.73,29.48,2321
810,810.0,2017-11-17,29.73,29.875,29.91,29.7,51628
811,811.0,2017-11-20,29.94,30.095,30.095,29.915,5663
812,812.0,2017-11-21,30.24,30.615,30.615,30.235,4153
813,813.0,2017-11-22,30.515,30.42,30.62,30.42,1948
814,814.0,2017-11-23,30.125,30.215,30.215,30.12,2580
815,815.0,2017-11-24,30.23,30.04,30.23,30.04,557
816,816.0,2017-11-27,29.715,29.72,29.815,29.715,3405
817,817.0,2017-11-28,29.815,29.96,29.975,29.815,3002
818,818.0,2017-11-29,29.925,29.625,30.03,29.625,5987
819,819.0,2017-11-30,29.395,29.295,29.59,29.25,1208
820,820.0,2017-12-01,29.095,28.91,29.19,28.875,5176
821,821.0,2017-12-04,29.32,29.25,29.38,29.17,429
822,822.0,2017-12-05,29.205,29.37,29.37,29.125,2549
823,823.0,2017-12-06,28.75,28.785,28.875,28.71,5251
824,824.0,2017-12-07,28.89,28.975,28.975,28.86,1767
825,825.0,2017-12-08,29.24,29.285,29.38,29.24,1397
826,826.0,2017-12-11,29.39,29.415,29.465,29.375,8474
827,827.0,2017-12-12,29.315,29.35,29.35,29.21,2705
828,828.0,2017-12-13,29.58,29.575,29.64,29.44,6839
829,829.0,2017-12-14,29.415,29.55,29.565,29.4,1192
830,830.0,2017-12-15,29.495,29.52,29.52,29.285,3795
831,831.0,2017-12-18,29.65,29.825,29.85,29.63,3526
832,832.0,2017-12-19,29.81,29.65,29.82,29.65,3858
833,833.0,2017-12-20,29.69,29.57,29.69,29.56,1170
834,834.0,2017-12-21,29.5,29.74,29.76,29.5,6770
835,835.0,2017-12-22,29.8,29.9,29.9,29.8,3939
836,836.0,2017-12-27,29.845,29.975,29.98,29.845,3003
837,837.0,2017-12-28,30.01,30.025,30.09,30.01,9249
838,838.0,2017-12-29,30.155,30.015,30.155,29.98,3379
839,839.0,2018-01-02,30.325,30.305,30.34,30.22,1199
840,840.0,2018-01-03,30.53,30.735,30.775,30.53,1767
841,841.0,2018-01-04,30.775,30.825,30.835,30.71,9679
842,842.0,2018-01-05,30.865,31.14,31.14,30.855,1627
843,843.0,2018-01-08,31.215,31.35,31.43,31.215,5855
844,844.0,2018-01-09,31.44,31.44,31.5,31.345,4749
845,845.0,2018-01-10,31.275,31.085,31.275,30.985,7106
846,846.0,2018-01-11,31.135,30.975,31.135,30.97,955
847,847.0,2018-01-12,31.105,31.155,31.155,30.94,1985
848,848.0,2018-01-15,30.89,30.765,30.89,30.75,1515
849,849.0,2018-01-16,31.005,31.1,31.16,31.005,3753
850,850.0,2018-01-17,31.005,31.185,31.22,31.005,3387
851,851.0,2018-01-18,31.315,31.265,31.325,31.24,55508
852,852.0,2018-01-19,31.355,31.475,31.475,31.34,4262
853,853.0,2018-01-22,31.56,31.585,31.585,31.46,1907
854,854.0,2018-01-23,31.835,31.79,31.855,31.69,6465
855,855.0,2018-01-24,31.74,31.58,31.82,31.58,32860
856,856.0,2018-01-25,31.61,31.685,31.73,31.5,25732
857,857.0,2018-01-26,31.72,31.995,31.995,31.72,10018
858,858.0,2018-01-29,31.99,31.88,31.99,31.78,3033
859,859.0,2018-01-30,31.51,31.205,31.51,31.09,4365
860,860.0,2018-01-31,31.34,31.36,31.55,31.34,2017
861,861.0,2018-02-01,31.405,31.04,31.455,31.025,8571
862,862.0,2018-02-02,30.855,30.44,30.855,30.44,4473
863,863.0,2018-02-05,30.305,30.255,30.365,30.08,4345
864,864.0,2018-02-06,29.19,29.65,30.0,29.19,8189
865,865.0,2018-02-07,29.485,30.08,30.115,29.475,21116
866,866.0,2018-02-08,29.67,29.075,29.725,29.075,921
867,867.0,2018-02-09,28.905,28.75,28.92,28.66,7475
868,868.0,2018-02-12,29.1,29.25,29.36,29.1,12665
869,869.0,2018-02-13,29.375,29.32,29.4,29.265,11482
870,870.0,2018-02-14,29.64,29.72,29.815,29.415,7798
871,871.0,2018-02-15,30.1,30.35,30.5,30.1,11969
872,872.0,2018-02-16,30.59,30.745,30.75,30.495,6772
873,873.0,2018-02-19,30.42,30.42,30.585,30.4,10704
874,874.0,2018-02-20,30.205,30.35,30.35,30.095,14033
875,875.0,2018-02-21,30.57,30.785,30.785,30.565,116
876,876.0,2018-02-22,30.405,30.595,30.665,30.375,850
877,877.0,2018-02-23,30.8,30.805,30.84,30.755,912
878,878.0,2018-02-26,31.0,31.015,31.015,30.945,3573
879,879.0,2018-02-27,30.855,30.72,30.92,30.715,6511
880,880.0,2018-02-28,30.48,30.395,30.64,30.395,14019
881,881.0,2018-03-01,30.54,30.47,30.6,30.37,6269
882,882.0,2018-03-02,30.07,29.57,30.13,29.46,18913
883,883.0,2018-03-05,29.675,29.91,29.91,29.64,3047
884,884.0,2018-03-06,30.19,30.015,30.295,30.015,5350
885,885.0,2018-03-07,29.825,29.97,29.97,29.715,1374
886,886.0,2018-03-08,30.125,30.26,30.26,30.06,4031
887,887.0,2018-03-09,30.425,30.8,30.8,30.425,367
888,888.0,2018-03-12,30.985,30.98,31.08,30.9,416
889,889.0,2018-03-13,31.085,30.71,31.085,30.71,922
890,890.0,2018-03-14,30.805,30.63,30.905,30.63,5035
891,891.0,2018-03-15,30.785,30.76,30.885,30.76,1326
892,892.0,2018-03-16,30.7,30.765,30.865,30.68,4953
893,893.0,2018-03-19,30.72,30.22,30.72,30.22,730
894,894.0,2018-03-20,30.51,30.815,30.815,30.505,119
895,895.0,2018-03-21,30.75,30.825,30.825,30.655,183
896,896.0,2018-03-22,30.475,30.085,30.475,29.95,340
897,897.0,2018-03-23,29.745,29.525,29.745,29.49,2683
898,898.0,2018-03-26,29.71,29.44,29.84,29.4,20277
899,899.0,2018-03-27,29.875,29.9,30.01,29.8,1075
900,900.0,2018-03-28,29.4,29.265,29.4,29.11,840
901,901.0,2018-03-29,29.535,29.835,29.835,29.535,560
902,902.0,2018-04-03,29.685,29.745,29.865,29.67,2368
903,903.0,2018-04-04,29.49,29.435,29.49,28.92,2351
904,904.0,2018-04-05,29.945,30.185,30.185,29.8,473
905,905.0,2018-04-06,29.645,29.585,29.72,29.48,724
906,906.0,2018-04-09,29.775,29.55,29.775,29.375,218
907,907.0,2018-04-10,29.77,29.7,29.77,29.55,529
908,908.0,2018-04-11,29.58,29.645,29.645,29.35,1792
909,909.0,2018-04-12,29.545,29.84,29.89,29.545,906
910,910.0,2018-04-13,29.74,29.565,29.82,29.5,103
911,911.0,2018-04-16,29.37,29.305,29.4,29.305,684
912,912.0,2018-04-17,29.23,29.565,29.61,29.18,1479
913,913.0,2018-04-18,29.475,29.72,29.72,29.475,704
914,914.0,2018-04-19,29.86,29.695,29.86,29.695,106
915,915.0,2018-04-20,29.58,29.475,29.76,29.475,11547
916,916.0,2018-04-23,29.44,29.595,29.595,29.44,703
917,917.0,2018-04-24,29.605,29.56,29.695,29.525,2282
918,918.0,2018-04-25,29.2,29.055,29.2,28.93,2454
919,919.0,2018-04-26,29.07,29.535,29.61,29.07,1814
920,920.0,2018-04-27,29.77,29.83,29.875,29.77,328
921,921.0,2018-04-30,30.0,30.02,30.08,30.0,70
922,922.0,2018-05-02,29.95,29.84,29.95,29.835,624
923,923.0,2018-05-03,29.64,29.265,29.72,29.25,2860
924,924.0,2018-05-04,29.585,29.715,29.715,29.395,3080
925,925.0,2018-05-07,29.685,29.75,29.75,29.685,905
926,926.0,2018-05-08,29.88,29.8,29.91,29.8,1494
927,927.0,2018-05-09,29.965,29.895,30.16,29.895,3040
928,928.0,2018-05-10,30.185,30.54,30.54,30.16,1642
929,929.0,2018-05-11,30.465,30.36,30.555,30.36,2428
930,930.0,2018-05-14,30.435,30.46,30.5,30.4,5342
931,931.0,2018-05-15,30.26,30.03,30.26,30.0,2390
932,932.0,2018-05-16,30.18,30.53,30.61,30.18,1497
933,933.0,2018-05-17,30.33,30.24,30.34,30.24,6172
934,934.0,2018-05-18,30.26,29.925,30.26,29.91,8190
935,935.0,2018-05-21,30.19,30.055,30.195,30.055,48
936,936.0,2018-05-22,30.13,30.245,30.3,30.045,639
937,937.0,2018-05-23,30.15,30.145,30.15,30.03,343
938,938.0,2018-05-24,30.175,29.965,30.23,29.965,379
939,939.0,2018-05-25,30.24,30.415,30.415,30.23,1651
940,940.0,2018-05-28,30.5,30.445,30.53,30.39,617
941,941.0,2018-05-29,30.3,30.2,30.3,30.105,109
942,942.0,2018-05-30,29.9,29.825,29.9,29.73,2554
943,943.0,2018-05-31,29.945,29.845,29.945,29.82,460
944,944.0,2018-06-01,30.05,30.2,30.24,30.05,2563
945,945.0,2018-06-04,30.5,30.54,30.56,30.365,16363
946,946.0,2018-06-05,30.56,30.425,30.585,30.41,1085
947,947.0,2018-06-06,30.495,30.45,30.55,30.365,31150
948,948.0,2018-06-07,30.51,30.165,30.51,30.165,8446
949,949.0,2018-06-08,29.93,30.015,30.015,29.8,2985
950,950.0,2018-06-11,30.145,30.035,30.145,30.005,5192
951,951.0,2018-06-12,30.18,30.045,30.18,29.995,2112
952,952.0,2018-06-13,30.06,30.04,30.06,29.915,53
953,953.0,2018-06-14,29.595,30.145,30.15,29.595,1278
954,954.0,2018-06-15,30.12,29.565,30.12,29.565,13478
955,955.0,2018-06-18,29.645,29.32,29.7,29.22,12173
956,956.0,2018-06-19,28.95,29.125,29.125,28.9,31838
957,957.0,2018-06-20,29.435,29.34,29.465,29.34,1643
958,958.0,2018-06-21,29.27,28.925,29.27,28.86,3747
959,959.0,2018-06-22,29.04,29.06,29.15,29.035,847
960,960.0,2018-06-25,28.995,28.345,29.0,28.345,3479
961,961.0,2018-06-26,28.65,28.45,28.66,28.45,641
962,962.0,2018-06-27,28.33,28.35,28.54,28.23,1109
963,963.0,2018-06-28,28.1,28.19,28.22,28.1,3725
964,964.0,2018-06-29,28.655,28.61,28.73,28.605,1587
965,965.0,2018-07-02,28.2,28.28,28.28,28.15,633
966,966.0,2018-07-03,28.36,28.47,28.52,28.35,4188
967,967.0,2018-07-04,28.28,28.29,28.375,28.265,108
968,968.0,2018-07-05,28.145,28.15,28.395,28.055,1091
969,969.0,2018-07-06,28.215,28.37,28.37,28.035,2057
970,970.0,2018-07-09,28.685,28.78,28.82,28.64,1903
971,971.0,2018-07-10,28.785,28.74,28.85,28.7,3116
972,972.0,2018-07-11,28.4,28.395,28.515,28.35,4225
973,973.0,2018-07-12,28.69,28.795,28.795,28.69,123
974,974.0,2018-07-13,28.955,28.915,28.98,28.825,2215
975,975.0,2018-07-16,28.76,28.58,28.78,28.55,5060
976,976.0,2018-07-17,28.48,28.82,28.85,28.465,2503
977,977.0,2018-07-18,28.83,28.865,28.93,28.83,14
978,978.0,2018-07-19,28.72,28.63,28.725,28.52,5344
979,979.0,2018-07-20,28.76,28.855,28.87,28.67,8212
980,980.0,2018-07-23,28.695,28.63,28.725,28.62,16354
981,981.0,2018-07-24,28.91,29.145,29.2,28.91,16263
982,982.0,2018-07-25,29.13,29.325,29.325,29.13,89
983,983.0,2018-07-26,29.185,29.405,29.405,29.185,1038
984,984.0,2018-07-27,29.425,29.53,29.54,29.425,17104
985,985.0,2018-07-30,29.35,29.25,29.4,29.25,6348
986,986.0,2018-07-31,29.125,29.285,29.32,29.08,6906
987,987.0,2018-08-01,29.27,29.26,29.35,29.13,10090
988,988.0,2018-08-02,28.855,28.865,28.865,28.715,1852
989,989.0,2018-08-03,28.935,29.25,29.25,28.935,202
990,990.0,2018-08-06,29.2,29.16,29.295,29.13,9729
991,991.0,2018-08-07,29.3,29.445,29.485,29.3,1487
992,992.0,2018-08-08,29.335,29.26,29.375,29.26,349
993,993.0,2018-08-09,29.29,29.39,29.39,29.29,474
994,994.0,2018-08-10,29.18,29.105,29.195,28.96,10296
995,995.0,2018-08-13,28.635,28.66,28.77,28.6,13006
996,996.0,2018-08-14,28.745,28.785,28.8,28.705,3804
997,997.0,2018-08-15,28.515,28.08,28.545,27.93,6244
998,998.0,2018-08-16,28.21,28.32,28.32,28.15,975
999,999.0,2018-08-17,28.23,28.085,28.265,27.99,1898
1000,1000.0,2018-08-20,28.42,28.375,28.51,28.37,1908
1001,1001.0,2018-08-21,28.505,28.56,28.56,28.475,1462
1002,1002.0,2018-08-22,28.47,28.565,28.565,28.4,1335
1003,1003.0,2018-08-23,28.53,28.37,28.66,28.37,100
1004,1004.0,2018-08-24,28.405,28.6,28.62,28.405,2553
1005,1005.0,2018-08-27,28.78,28.99,29.0,28.78,11199
1006,1006.0,2018-08-28,28.885,28.76,28.905,28.76,588
1007,1007.0,2018-08-29,28.82,28.9,28.9,28.77,218
1008,1008.0,2018-08-30,28.75,28.405,28.75,28.405,3902
1009,1009.0,2018-08-31,28.32,28.42,28.42,28.28,5531
1010,1010.0,2018-09-03,28.525,28.41,28.545,28.38,6883
1011,1011.0,2018-09-04,28.54,28.16,28.54,28.15,2279
1012,1012.0,2018-09-05,27.775,27.55,27.775,27.55,9256
1013,1013.0,2018-09-06,27.45,27.535,27.705,27.42,593
1014,1014.0,2018-09-07,27.61,27.685,27.775,27.55,2260
1015,1015.0,2018-09-10,27.505,27.33,27.63,27.28,20158
1016,1016.0,2018-09-11,27.28,27.155,27.28,27.0,8969
1017,1017.0,2018-09-12,27.13,27.41,27.41,27.065,11192
1018,1018.0,2018-09-13,27.47,27.51,27.675,27.47,20853
1019,1019.0,2018-09-14,27.725,27.785,27.79,27.685,1777
1020,1020.0,2018-09-17,27.46,27.405,27.46,27.37,15313
1021,1021.0,2018-09-18,27.455,27.625,27.625,27.435,21900
1022,1022.0,2018-09-19,27.745,27.97,27.97,27.7,4061
1023,1023.0,2018-09-20,27.945,27.97,28.015,27.915,2231
1024,1024.0,2018-09-21,28.21,28.285,28.285,28.11,14856
1025,1025.0,2018-09-24,27.89,27.895,27.895,27.82,115
1026,1026.0,2018-09-25,27.88,27.99,27.99,27.845,2637
1027,1027.0,2018-09-26,28.06,28.245,28.275,28.06,27170
1028,1028.0,2018-09-27,28.225,28.495,28.5,28.225,496
1029,1029.0,2018-09-28,28.46,28.49,28.535,28.385,2548
1030,1030.0,2018-10-01,28.53,28.56,28.595,28.52,1784
1031,1031.0,2018-10-02,28.14,28.26,28.26,28.08,160
1032,1032.0,2018-10-03,28.295,28.34,28.365,28.225,988
1033,1033.0,2018-10-04,27.755,27.455,27.815,27.455,17253
1034,1034.0,2018-10-05,27.515,27.215,27.52,27.215,1144
1035,1035.0,2018-10-08,27.305,27.235,27.33,27.2,5592
1036,1036.0,2018-10-09,27.4,27.3,27.4,27.18,14554
1037,1037.0,2018-10-10,27.27,26.63,27.295,26.63,30143
1038,1038.0,2018-10-11,25.925,26.14,26.35,25.87,5911
1039,1039.0,2018-10-12,26.565,26.725,26.78,26.545,755
1040,1040.0,2018-10-15,26.485,26.57,26.57,26.39,7756
1041,1041.0,2018-10-16,26.515,27.005,27.005,26.515,1881
1042,1042.0,2018-10-17,27.14,26.925,27.14,26.8,1829
1043,1043.0,2018-10-18,26.705,26.425,26.8,26.425,3670
1044,1044.0,2018-10-19,26.78,26.635,26.87,26.635,1995
1045,1045.0,2018-10-22,26.895,26.89,27.025,26.825,14109
1046,1046.0,2018-10-23,26.465,26.28,26.465,26.185,25338
1047,1047.0,2018-10-24,26.37,26.255,26.63,26.255,10585
1048,1048.0,2018-10-25,25.98,26.485,26.485,25.95,4628
1049,1049.0,2018-10-26,26.015,26.05,26.05,25.8,2084
1050,1050.0,2018-10-29,26.25,25.91,26.445,25.91,3316
1051,1051.0,2018-10-30,25.97,25.985,26.02,25.77,22282
1052,1052.0,2018-10-31,26.4,26.535,26.59,26.4,18795
1053,1053.0,2018-11-01,26.715,27.175,27.175,26.715,1771
1054,1054.0,2018-11-02,27.745,27.435,27.9,27.435,1662
1055,1055.0,2018-11-05,27.335,27.455,27.555,27.335,15624
1056,1056.0,2018-11-06,27.45,27.39,27.5,27.28,10495
1057,1057.0,2018-11-07,27.405,27.66,27.705,27.405,6994
1058,1058.0,2018-11-08,27.74,27.535,27.74,27.52,1979
1059,1059.0,2018-11-09,27.18,26.94,27.18,26.925,12053
1060,1060.0,2018-11-12,27.205,26.75,27.205,26.75,18052
1061,1061.0,2018-11-13,27.265,27.205,27.265,26.96,1624
1062,1062.0,2018-11-14,26.845,27.005,27.22,26.845,3132
1063,1063.0,2018-11-15,27.355,27.48,27.48,27.21,3799
1064,1064.0,2018-11-16,27.39,27.295,27.39,27.295,295
1065,1065.0,2018-11-19,27.34,27.16,27.435,27.16,14220
1066,1066.0,2018-11-20,26.905,26.74,26.995,26.625,355
1067,1067.0,2018-11-21,26.985,27.25,27.25,26.985,59
1068,1068.0,2018-11-22,27.04,26.92,27.055,26.92,392
1069,1069.0,2018-11-23,26.935,27.04,27.04,26.935,2615
1070,1070.0,2018-11-26,27.275,27.305,27.38,27.25,8768
1071,1071.0,2018-11-27,27.31,27.485,27.485,27.22,764
1072,1072.0,2018-11-28,27.705,27.69,27.795,27.66,2818
1073,1073.0,2018-11-29,27.715,27.87,27.87,27.7,56004
1074,1074.0,2018-11-30,27.68,27.795,27.805,27.63,24704
1075,1075.0,2018-12-03,28.49,28.385,28.61,28.37,22117
1076,1076.0,2018-12-04,28.375,28.335,28.41,28.31,709
1077,1077.0,2018-12-05,28.02,27.935,28.105,27.935,1383
1078,1078.0,2018-12-06,27.43,26.985,27.43,26.985,16430
1079,1079.0,2018-12-07,27.31,27.265,27.42,27.265,3074
1080,1080.0,2018-12-10,26.93,26.515,26.93,26.495,16425
1081,1081.0,2018-12-11,26.84,27.035,27.23,26.8,4008
1082,1082.0,2018-12-12,27.305,27.55,27.615,27.305,3999
1083,1083.0,2018-12-13,27.635,27.525,27.65,27.44,409
1084,1084.0,2018-12-14,27.11,27.4,27.4,27.11,5772
1085,1085.0,2018-12-17,27.225,27.145,27.24,27.01,908
1086,1086.0,2018-12-18,26.9,26.95,27.0,26.865,176
1087,1087.0,2018-12-19,26.905,27.01,27.015,26.905,14604
1088,1088.0,2018-12-20,26.52,26.68,26.795,26.52,25990
1089,1089.0,2018-12-21,26.675,26.715,26.845,26.54,16176
1090,1090.0,2018-12-24,26.66,26.335,26.335,26.335,1637
1091,1091.0,2018-12-27,26.62,26.515,26.62,26.4,6024
1092,1092.0,2018-12-28,26.625,26.84,26.865,26.625,5976
1093,1093.0,2018-12-31,27.02,27.065,27.11,27.0,484
1094,1094.0,2019-01-02,26.255,27.015,27.03,26.19,23226
1095,1095.0,2019-01-03,26.565,26.44,26.72,26.35,1492
1096,1096.0,2019-01-04,26.795,27.18,27.22,26.79,858
1097,1097.0,2019-01-07,27.21,27.06,27.21,26.98,18020
1098,1098.0,2019-01-08,27.035,27.115,27.235,27.035,1125
1099,1099.0,2019-01-09,27.425,27.555,27.565,27.425,208
1100,1100.0,2019-01-10,27.385,27.665,27.665,27.35,4072
1101,1101.0,2019-01-11,27.62,27.755,27.765,27.56,811
1102,1102.0,2019-01-14,27.38,27.535,27.555,27.38,3695
1103,1103.0,2019-01-15,27.85,27.91,27.98,27.735,6051
1104,1104.0,2019-01-16,28.065,28.24,28.24,28.0,1102
1105,1105.0,2019-01-17,28.02,28.2,28.2,28.02,1938
1106,1106.0,2019-01-18,28.28,28.615,28.615,28.265,1467
1107,1107.0,2019-01-21,28.385,28.41,28.45,28.38,3266
1108,1108.0,2019-01-22,28.23,28.225,28.26,28.17,2147
1109,1109.0,2019-01-23,28.15,28.2,28.29,28.15,1957
1110,1110.0,2019-01-24,28.34,28.63,28.63,28.315,6408
1111,1111.0,2019-01-25,28.965,28.915,29.0,28.9,2714
1112,1112.0,2019-01-28,28.7,28.465,28.7,28.465,3411
1113,1113.0,2019-01-29,28.49,28.585,28.695,28.49,437
1114,1114.0,2019-01-30,28.785,28.775,28.845,28.725,18037
1115,1115.0,2019-01-31,29.105,29.335,29.335,29.105,7349
1116,1116.0,2019-02-01,29.21,29.13,29.215,29.1,2560
1117,1117.0,2019-02-04,29.19,29.35,29.38,29.13,3198
1118,1118.0,2019-02-05,29.31,29.51,29.51,29.31,23807
1119,1119.0,2019-02-06,29.7,29.55,29.78,29.55,1444
1120,1120.0,2019-02-07,29.4,29.01,29.44,29.01,546
1121,1121.0,2019-02-08,29.175,28.9,29.21,28.9,1423
1122,1122.0,2019-02-11,29.105,29.225,29.3,29.105,4269
1123,1123.0,2019-02-12,29.355,29.4,29.405,29.32,1537
1124,1124.0,2019-02-13,29.39,29.19,29.4,29.19,210
1125,1125.0,2019-02-14,29.3,29.02,29.3,28.99,1162
1126,1126.0,2019-02-15,28.91,29.215,29.215,28.855,529
1127,1127.0,2019-02-18,29.21,29.185,29.25,29.15,1153
1128,1128.0,2019-02-19,29.12,29.19,29.215,28.99,1383
1129,1129.0,2019-02-20,29.35,29.535,29.57,29.32,726
1130,1130.0,2019-02-21,29.485,29.28,29.53,29.28,2066
1131,1131.0,2019-02-22,29.56,29.74,29.76,29.56,2778
1132,1132.0,2019-02-25,29.9,30.09,30.105,29.9,8812
1133,1133.0,2019-02-26,29.825,29.86,29.87,29.695,4486
1134,1134.0,2019-02-27,29.615,29.585,29.65,29.485,8559
1135,1135.0,2019-02-28,29.35,29.255,29.405,29.255,85
1136,1136.0,2019-03-01,29.47,29.225,29.52,29.225,16767
1137,1137.0,2019-03-04,29.48,29.34,29.535,29.34,3594
1138,1138.0,2019-03-05,29.57,29.79,29.795,29.55,315
1139,1139.0,2019-03-06,29.76,29.73,29.8,29.715,6105
1140,1140.0,2019-03-07,29.46,29.44,29.46,29.375,55
1141,1141.0,2019-03-08,29.1,28.995,29.185,28.9,18058
1142,1142.0,2019-03-11,29.36,29.57,29.57,29.28,20851
1143,1143.0,2019-03-12,29.72,29.625,29.73,29.58,4410
1144,1144.0,2019-03-13,29.57,29.525,29.61,29.525,2835
1145,1145.0,2019-03-14,29.47,29.44,29.58,29.435,65909
1146,1146.0,2019-03-15,29.625,29.84,29.84,29.625,8287
1147,1147.0,2019-03-18,29.98,30.015,30.05,29.94,1711
1148,1148.0,2019-03-19,30.055,30.17,30.17,30.05,44702
1149,1149.0,2019-03-20,30.01,29.805,30.01,29.805,13729
1150,1150.0,2019-03-21,29.85,29.925,29.98,29.78,3865
1151,1151.0,2019-03-22,29.9,29.54,29.955,29.5,9325
1152,1152.0,2019-03-25,29.36,29.47,29.51,29.285,1532
1153,1153.0,2019-03-26,29.435,29.535,29.66,29.42,9616
1154,1154.0,2019-03-27,29.685,29.385,29.685,29.3,840
1155,1155.0,2019-03-28,29.395,29.46,29.46,29.37,96
1156,1156.0,2019-03-29,29.8,29.925,29.93,29.765,5487
1157,1157.0,2019-04-01,30.2,30.36,30.365,30.175,3205
1158,1158.0,2019-04-02,30.39,30.36,30.5,30.325,9810
1159,1159.0,2019-04-03,30.62,30.65,30.69,30.545,2997
1160,1160.0,2019-04-04,30.48,30.635,30.655,30.445,1608
1161,1161.0,2019-04-05,30.755,30.91,30.91,30.755,4353
1162,1162.0,2019-04-08,30.745,30.76,30.76,30.65,2507
1163,1163.0,2019-04-09,30.825,30.735,30.93,30.735,1059
1164,1164.0,2019-04-10,30.86,30.915,30.955,30.86,189
1165,1165.0,2019-04-11,30.78,30.54,30.78,30.54,2914
1166,1166.0,2019-04-12,30.55,30.685,30.75,30.55,1048
1167,1167.0,2019-04-15,30.625,30.48,30.64,30.455,9093
1168,1168.0,2019-04-16,30.7,30.745,30.805,30.695,2114
1169,1169.0,2019-04-17,30.855,30.79,30.985,30.79,3717
1170,1170.0,2019-04-18,30.63,30.95,30.95,30.63,7081
1171,1171.0,2019-04-23,30.745,30.915,30.94,30.695,2005
1172,1172.0,2019-04-24,30.8,30.675,30.88,30.59,13679
1173,1173.0,2019-04-25,30.635,30.65,30.65,30.465,3036
1174,1174.0,2019-04-26,30.66,30.785,30.785,30.6,335
1175,1175.0,2019-04-29,30.89,30.8,30.905,30.795,16590
1176,1176.0,2019-04-30,30.6,30.57,30.6,30.5,1276
1177,1177.0,2019-05-02,30.685,30.515,30.685,30.515,3795
1178,1178.0,2019-05-03,30.71,30.875,30.915,30.71,2838
1179,1179.0,2019-05-06,30.025,30.1,30.18,29.905,74728
1180,1180.0,2019-05-07,30.095,29.705,30.095,29.64,37865
1181,1181.0,2019-05-08,29.78,29.665,29.805,29.6,85
1182,1182.0,2019-05-09,29.195,28.645,29.195,28.645,86279
1183,1183.0,2019-05-10,29.25,28.76,29.25,28.725,29748
1184,1184.0,2019-05-13,28.725,28.17,28.725,28.15,6333
1185,1185.0,2019-05-14,28.465,28.695,28.695,28.455,1996
1186,1186.0,2019-05-15,28.865,28.72,28.865,28.55,8638
1187,1187.0,2019-05-16,28.64,28.875,28.875,28.55,2272
1188,1188.0,2019-05-17,28.35,28.395,28.395,28.265,135581
1189,1189.0,2019-05-20,28.375,28.145,28.375,28.1,7911
1190,1190.0,2019-05-21,28.385,28.345,28.4,28.245,5648
1191,1191.0,2019-05-22,28.415,28.39,28.46,28.35,2322
1192,1192.0,2019-05-23,28.1,28.04,28.145,27.975,11413
1193,1193.0,2019-05-24,28.07,27.915,28.135,27.88,981
1194,1194.0,2019-05-27,28.07,28.05,28.135,28.0,1574
1195,1195.0,2019-05-28,28.195,28.08,28.195,28.02,49438
1196,1196.0,2019-05-29,27.97,28.14,28.14,27.9,32786
1197,1197.0,2019-05-30,28.415,28.475,28.48,28.325,8723
1198,1198.0,2019-05-31,28.265,28.54,28.54,28.2,7986
1199,1199.0,2019-06-03,28.61,28.705,28.735,28.57,3995
1200,1200.0,2019-06-04,28.29,28.56,28.56,28.29,63703
1201,1201.0,2019-06-05,28.47,28.365,28.635,28.365,15306
1202,1202.0,2019-06-06,28.38,28.255,28.47,28.25,8243
1203,1203.0,2019-06-07,28.37,28.475,28.54,28.3,4187
1204,1204.0,2019-06-10,28.675,28.83,28.83,28.675,344
1205,1205.0,2019-06-11,28.915,29.05,29.105,28.915,6537
1206,1206.0,2019-06-12,28.845,28.8,28.87,28.785,1076
1207,1207.0,2019-06-13,28.735,28.805,28.935,28.735,48
1208,1208.0,2019-06-14,28.73,28.8,28.8,28.71,39048
1209,1209.0,2019-06-17,28.795,28.76,28.8,28.67,22800
1210,1210.0,2019-06-18,28.855,29.425,29.53,28.85,63362
1211,1211.0,2019-06-19,29.5,29.415,29.53,29.39,38819
1212,1212.0,2019-06-20,29.755,29.845,29.995,29.75,1104
1213,1213.0,2019-06-21,29.715,29.695,29.715,29.64,28021
1214,1214.0,2019-06-24,29.54,29.485,29.565,29.47,802
1215,1215.0,2019-06-25,29.29,29.325,29.35,29.29,1858
1216,1216.0,2019-06-26,29.33,29.455,29.51,29.29,16580
1217,1217.0,2019-06-27,29.705,29.605,29.73,29.585,8708
1218,1218.0,2019-06-28,29.635,29.59,29.685,29.59,1870
1219,1219.0,2019-07-01,30.13,30.15,30.27,30.09,6695
1220,1220.0,2019-07-02,30.13,30.095,30.145,30.035,3844
1221,1221.0,2019-07-03,29.97,29.975,30.035,29.955,2257
1222,1222.0,2019-07-04,30.13,30.215,30.215,30.115,949
1223,1223.0,2019-07-05,30.145,30.06,30.145,29.98,446
1224,1224.0,2019-07-08,29.795,29.895,29.925,29.725,3467
1225,1225.0,2019-07-09,29.695,29.795,29.795,29.665,4438
1226,1226.0,2019-07-10,29.8,29.945,30.0,29.8,12152
1227,1227.0,2019-07-11,30.015,29.89,30.055,29.885,11282
1228,1228.0,2019-07-12,29.905,29.84,29.93,29.8,11229
1229,1229.0,2019-07-15,29.985,30.0,30.0,29.92,11476
1230,1230.0,2019-07-16,30.11,30.18,30.24,30.11,4371
1231,1231.0,2019-07-17,30.145,29.995,30.145,29.995,5151
1232,1232.0,2019-07-18,29.925,29.98,30.03,29.885,1167
1233,1233.0,2019-07-19,30.185,30.16,30.255,30.16,199
1234,1234.0,2019-07-22,30.015,30.08,30.12,29.985,677
1235,1235.0,2019-07-23,30.185,30.205,30.225,30.175,673
1236,1236.0,2019-07-24,30.255,30.285,30.3,30.205,817
1237,1237.0,2019-07-25,30.355,30.08,30.5,29.995,7542
1238,1238.0,2019-07-26,30.16,30.13,30.18,30.11,1404
1239,1239.0,2019-07-29,29.98,29.965,30.06,29.94,1750
1240,1240.0,2019-07-30,30.095,29.79,30.095,29.75,2950
1241,1241.0,2019-07-31,29.72,29.76,29.81,29.72,173
1242,1242.0,2019-08-01,29.78,29.865,29.865,29.72,1544
1243,1243.0,2019-08-02,29.145,28.655,29.145,28.655,30234
1244,1244.0,2019-08-05,28.23,27.585,28.23,27.55,11712
1245,1245.0,2019-08-06,27.76,27.63,27.95,27.63,7696
1246,1246.0,2019-08-07,27.83,27.575,27.96,27.35,12690
1247,1247.0,2019-08-08,28.05,28.14,28.14,27.925,6018
1248,1248.0,2019-08-09,28.19,27.855,28.19,27.82,4301
1249,1249.0,2019-08-12,28.08,27.555,28.12,27.52,631
1250,1250.0,2019-08-13,27.475,27.975,28.115,27.3,8267
1251,1251.0,2019-08-14,27.87,27.46,27.87,27.425,13491
1252,1252.0,2019-08-15,27.59,27.56,27.62,27.22,19129
1253,1253.0,2019-08-16,27.855,27.975,28.0,27.855,2206
1254,1254.0,2019-08-19,28.32,28.19,28.34,28.15,754
1255,1255.0,2019-08-20,28.32,28.23,28.32,28.2,2014
1256,1256.0,2019-08-21,28.395,28.365,28.4,28.35,128
1257,1257.0,2019-08-22,28.25,28.095,28.28,28.095,6598
1258,1258.0,2019-08-23,28.325,27.69,28.345,27.69,8444
1259,1259.0,2019-08-26,27.605,27.755,27.85,27.6,4690
1260,1260.0,2019-08-27,27.715,27.885,27.96,27.655,9429
1261,1261.0,2019-08-28,27.8,27.925,27.925,27.775,27932
1262,1262.0,2019-08-29,27.755,28.245,28.245,27.755,4654
1263,1263.0,2019-08-30,28.35,28.595,28.6,28.35,1303
1264,1264.0,2019-09-02,28.66,28.635,28.76,28.635,1786
1265,1265.0,2019-09-03,28.52,28.565,28.585,28.47,6836
1266,1266.0,2019-09-04,28.84,28.855,28.925,28.765,48524
1267,1267.0,2019-09-05,29.095,29.175,29.18,29.02,22649
1268,1268.0,2019-09-06,29.25,29.33,29.35,29.25,4489
1269,1269.0,2019-09-09,29.405,29.37,29.405,29.315,11270
1270,1270.0,2019-09-10,29.285,29.255,29.33,29.245,6593
1271,1271.0,2019-09-11,29.43,29.68,29.685,29.43,16390
1272,1272.0,2019-09-12,29.725,29.765,30.075,29.66,20479
1273,1273.0,2019-09-13,29.76,29.875,29.885,29.76,2208
1274,1274.0,2019-09-16,29.545,29.91,29.91,29.545,1381
1275,1275.0,2019-09-17,29.63,29.585,29.63,29.455,29837
1276,1276.0,2019-09-18,29.66,29.535,29.665,29.535,3296
1277,1277.0,2019-09-19,29.47,29.62,29.62,29.4,24973
1278,1278.0,2019-09-20,29.605,29.75,29.765,29.605,422
1279,1279.0,2019-09-23,29.685,29.625,29.69,29.56,915
1280,1280.0,2019-09-24,29.65,29.42,29.665,29.42,62223
1281,1281.0,2019-09-25,29.245,29.405,29.405,29.13,2188
1282,1282.0,2019-09-26,29.455,29.475,29.605,29.445,3182
1283,1283.0,2019-09-27,29.535,29.545,29.56,29.47,154
1284,1284.0,2019-09-30,29.435,29.48,29.485,29.415,256
1285,1285.0,2019-10-01,29.525,29.195,29.54,29.195,4174
1286,1286.0,2019-10-02,29.13,28.76,29.13,28.76,19893
1287,1287.0,2019-10-03,29.025,28.935,29.025,28.76,1846
1288,1288.0,2019-10-04,28.97,29.025,29.12,28.885,770
1289,1289.0,2019-10-07,29.09,29.075,29.09,29.05,413
1290,1290.0,2019-10-08,29.23,28.92,29.23,28.84,1719
1291,1291.0,2019-10-09,28.88,29.02,29.1,28.88,8535
1292,1292.0,2019-10-10,28.995,29.28,29.32,28.97,5059
1293,1293.0,2019-10-11,29.39,29.78,29.78,29.39,863
1294,1294.0,2019-10-14,29.68,29.595,29.68,29.54,9692
1295,1295.0,2019-10-15,29.67,29.73,29.73,29.62,561
1296,1296.0,2019-10-16,29.645,29.705,29.75,29.6,1626
1297,1297.0,2019-10-17,29.715,29.73,29.875,29.715,1244
1298,1298.0,2019-10-18,29.63,29.55,29.63,29.55,449
1299,1299.0,2019-10-21,29.55,29.585,29.615,29.52,3193
1300,1300.0,2019-10-22,29.735,29.82,29.845,29.69,429
1301,1301.0,2019-10-23,29.7,29.78,29.78,29.655,1765
1302,1302.0,2019-10-24,29.86,29.995,29.995,29.855,1890
1303,1303.0,2019-10-25,29.905,30.115,30.115,29.84,1456
1304,1304.0,2019-10-28,30.185,30.32,30.34,30.175,806
1305,1305.0,2019-10-29,30.24,30.15,30.24,30.15,1655
1306,1306.0,2019-10-30,30.065,30.03,30.155,29.945,8969
1307,1307.0,2019-10-31,30.11,29.81,30.11,29.81,26562
1308,1308.0,2019-11-01,30.06,30.225,30.32,30.06,589
1309,1309.0,2019-11-04,30.555,30.675,30.7,30.555,1913
1310,1310.0,2019-11-05,30.855,31.015,31.045,30.85,1284
1311,1311.0,2019-11-06,30.99,31.035,31.06,30.925,163
1312,1312.0,2019-11-07,31.1,31.265,31.265,31.1,3262
1313,1313.0,2019-11-08,31.055,31.06,31.125,31.0,4735
1314,1314.0,2019-11-11,30.56,30.7,30.7,30.56,271
1315,1315.0,2019-11-12,30.835,30.725,30.835,30.7,12195
1316,1316.0,2019-11-13,30.535,30.405,30.535,30.3,956
1317,1317.0,2019-11-14,30.365,30.355,30.48,30.355,89
1318,1318.0,2019-11-15,30.53,30.605,30.605,30.455,577
1319,1319.0,2019-11-18,30.675,30.51,30.675,30.475,3449
1320,1320.0,2019-11-19,30.645,30.495,30.76,30.455,1663
1321,1321.0,2019-11-20,30.46,30.51,30.54,30.43,4027
1322,1322.0,2019-11-21,30.17,30.245,30.295,30.065,1400
1323,1323.0,2019-11-22,30.395,30.43,30.47,30.395,1843
1324,1324.0,2019-11-25,30.695,30.775,30.78,30.695,4741
1325,1325.0,2019-11-26,30.725,30.555,30.725,30.55,236
1326,1326.0,2019-11-27,30.765,30.705,30.765,30.64,5811
1327,1327.0,2019-11-28,30.71,30.66,30.71,30.63,2518
1328,1328.0,2019-11-29,30.35,30.29,30.485,30.29,1343
1329,1329.0,2019-12-02,30.335,30.015,30.43,30.015,1888
1330,1330.0,2019-12-03,30.125,29.76,30.175,29.7,2100
1331,1331.0,2019-12-04,29.91,30.12,30.165,29.88,8787
1332,1332.0,2019-12-05,30.195,30.19,30.195,30.1,360
1333,1333.0,2019-12-06,30.375,30.51,30.545,30.305,675
1334,1334.0,2019-12-09,30.58,30.475,30.58,30.475,250
1335,1335.0,2019-12-10,30.46,30.4,30.46,30.34,3669
1336,1336.0,2019-12-11,30.63,30.67,30.67,30.595,1018
1337,1337.0,2019-12-12,30.925,31.135,31.275,30.785,21000
1338,1338.0,2019-12-13,31.37,31.275,31.5,31.22,15464
1339,1339.0,2019-12-16,31.43,31.58,31.6,31.38,1575
1340,1340.0,2019-12-17,31.765,31.75,31.81,31.73,2745
1341,1341.0,2019-12-18,31.88,32.025,32.08,31.88,10205
1342,1342.0,2019-12-19,32.03,32.13,32.13,32.0,6974
1343,1343.0,2019-12-20,32.075,32.36,32.36,32.075,3869
1344,1344.0,2019-12-23,32.275,32.315,32.36,32.26,7788
1345,1345.0,2019-12-24,32.48,32.34,32.48,32.32,510
1346,1346.0,2019-12-27,32.565,32.46,32.66,32.425,3068
1347,1347.0,2019-12-30,32.39,32.215,32.48,32.215,2866
1348,1348.0,2019-12-31,32.15,32.02,32.16,32.02,1566
1349,1349.0,2020-01-02,32.35,32.695,32.76,32.35,2473
1350,1350.0,2020-01-03,32.505,32.52,32.645,32.365,11786
1351,1351.0,2020-01-06,32.24,32.25,32.26,32.035,6693
1352,1352.0,2020-01-07,32.38,32.43,32.44,32.345,16578
1353,1353.0,2020-01-08,32.215,32.49,32.49,32.215,1787
1354,1354.0,2020-01-09,32.925,32.945,33.01,32.91,10504
1355,1355.0,2020-01-10,33.07,33.06,33.19,33.01,47126
1356,1356.0,2020-01-13,33.295,33.325,33.4,33.255,10501
1357,1357.0,2020-01-14,33.225,33.26,33.405,33.15,3244
1358,1358.0,2020-01-15,33.175,33.055,33.22,33.05,1006
1359,1359.0,2020-01-16,33.19,33.235,33.3,33.14,13781
1360,1360.0,2020-01-17,33.335,33.475,33.54,33.335,2832
1361,1361.0,2020-01-20,33.435,33.44,33.48,33.4,15316
1362,1362.0,2020-01-21,32.835,32.875,32.9,32.725,18450
1363,1363.0,2020-01-22,33.18,33.035,33.18,33.025,1221
1364,1364.0,2020-01-23,32.75,32.515,32.775,32.515,4542
1365,1365.0,2020-01-24,33.0,32.775,33.05,32.695,6285
1366,1366.0,2020-01-27,31.86,31.42,31.86,31.21,10337
1367,1367.0,2020-01-28,31.65,31.805,31.805,31.42,1156
1368,1368.0,2020-01-29,32.06,31.945,32.16,31.945,1544
1369,1369.0,2020-01-30,31.285,31.19,31.445,31.09,1930
1370,1370.0,2020-01-31,31.24,30.595,31.265,30.59,7315
1371,1371.0,2020-02-03,30.83,31.055,31.195,30.8,7397
1372,1372.0,2020-02-04,31.73,32.1,32.1,31.73,4220
1373,1373.0,2020-02-05,31.85,32.275,32.57,31.85,11203
1374,1374.0,2020-02-06,32.61,32.45,32.62,32.345,957
1375,1375.0,2020-02-07,32.31,32.055,32.37,31.94,1701
1376,1376.0,2020-02-10,32.175,32.205,32.215,32.025,15608
1377,1377.0,2020-02-11,32.555,32.71,32.81,32.47,2711
1378,1378.0,2020-02-12,32.85,33.11,33.11,32.85,2709
1379,1379.0,2020-02-13,32.92,33.0,33.0,32.7,1327
1380,1380.0,2020-02-14,33.115,32.975,33.12,32.95,2381
1381,1381.0,2020-02-17,33.195,33.18,33.23,33.13,57027
1382,1382.0,2020-02-18,32.775,32.76,32.87,32.67,24886
1383,1383.0,2020-02-19,33.18,33.09,33.18,33.0,1839
1384,1384.0,2020-02-20,33.19,32.54,33.19,32.54,1656
1385,1385.0,2020-02-21,32.445,32.355,32.535,32.23,1200
1386,1386.0,2020-02-24,31.66,31.04,31.66,30.97,21245
1387,1387.0,2020-02-25,31.565,31.035,31.57,30.99,31022
1388,1388.0,2020-02-26,31.095,31.155,31.25,30.6,7054
1389,1389.0,2020-02-27,30.905,30.04,30.905,29.95,58798
1390,1390.0,2020-02-28,29.32,29.14,29.405,28.785,70031
1391,1391.0,2020-03-02,29.925,29.385,30.01,29.05,5964
1392,1392.0,2020-03-03,29.89,29.895,30.245,29.75,22857
1393,1393.0,2020-03-04,30.05,30.18,30.325,29.9,1749
1394,1394.0,2020-03-05,30.475,29.905,30.475,29.715,22816
1395,1395.0,2020-03-06,29.32,28.485,29.32,28.46,4103
1396,1396.0,2020-03-09,26.665,26.5,27.03,26.055,9531
1397,1397.0,2020-03-10,27.265,27.225,27.795,27.0,8278
1398,1398.0,2020-03-11,27.355,27.065,27.405,26.895,8974
1399,1399.0,2020-03-12,25.55,24.37,25.55,24.285,32776
1400,1400.0,2020-03-13,25.665,25.575,26.54,25.115,17297
1401,1401.0,2020-03-16,23.81,23.765,24.545,22.935,18909
1402,1402.0,2020-03-17,24.09,24.4,24.485,23.14,5514
1403,1403.0,2020-03-18,23.125,23.095,23.435,22.7,6824
1404,1404.0,2020-03-19,22.95,23.15,23.31,22.615,6703
1405,1405.0,2020-03-20,24.41,24.06,24.94,24.0,2749
1406,1406.0,2020-03-23,23.17,22.765,23.575,22.55,7852
1407,1407.0,2020-03-24,23.79,24.47,24.47,23.71,13347
1408,1408.0,2020-03-25,25.1,25.14,25.4,24.665,8045
1409,1409.0,2020-03-26,24.77,25.36,25.54,24.57,13271
1410,1410.0,2020-03-27,25.0,24.165,25.0,24.035,3216
1411,1411.0,2020-03-30,24.16,24.485,24.485,24.02,1646
1412,1412.0,2020-03-31,24.815,25.13,25.13,24.71,8259
1413,1413.0,2020-04-01,24.355,24.265,24.435,24.25,5380
1414,1414.0,2020-04-02,24.81,24.865,24.945,24.57,3021
1415,1415.0,2020-04-03,24.925,24.765,25.215,24.765,6973
1416,1416.0,2020-04-06,25.575,25.785,25.785,25.48,3616
1417,1417.0,2020-04-07,26.175,26.26,26.53,26.105,2423
1418,1418.0,2020-04-08,26.02,26.12,26.12,25.75,4311
1419,1419.0,2020-04-09,26.435,26.39,26.51,26.115,2047
1420,1420.0,2020-04-14,26.705,26.55,26.71,26.42,8499
1421,1421.0,2020-04-15,26.315,25.94,26.405,25.9,8780
1422,1422.0,2020-04-16,26.56,26.41,26.56,26.14,6337
1423,1423.0,2020-04-17,26.9,26.68,27.18,26.64,24655
1424,1424.0,2020-04-20,26.84,26.765,26.84,26.49,4041
1425,1425.0,2020-04-21,26.52,25.775,26.52,25.73,3622
1426,1426.0,2020-04-22,26.465,26.585,26.64,26.415,4657
1427,1427.0,2020-04-23,26.86,26.825,26.925,26.775,810
1428,1428.0,2020-04-24,26.72,26.32,26.725,26.28,1518
1429,1429.0,2020-04-27,26.895,26.845,26.895,26.685,932
1430,1430.0,2020-04-28,27.0,27.05,27.28,26.85,1029
1431,1431.0,2020-04-29,27.195,27.53,27.545,27.17,1451
1432,1432.0,2020-04-30,27.795,27.22,28.0,27.22,8474
1433,1433.0,2020-05-04,26.275,26.105,26.275,25.995,8825
1434,1434.0,2020-05-05,26.685,26.79,26.79,26.605,105203
1435,1435.0,2020-05-06,27.02,26.76,27.11,26.76,3725
1436,1436.0,2020-05-07,26.955,26.89,27.07,26.89,2192
1437,1437.0,2020-05-08,27.15,27.365,27.42,27.075,4366
1438,1438.0,2020-05-11,27.525,27.33,27.54,27.125,2412
1439,1439.0,2020-05-12,27.27,27.44,27.44,27.18,547
1440,1440.0,2020-05-13,27.2,27.195,27.38,27.17,632
1441,1441.0,2020-05-14,27.0,26.905,27.04,26.59,1019
1442,1442.0,2020-05-15,27.24,26.755,27.24,26.655,3308
1443,1443.0,2020-05-18,27.12,27.59,27.59,27.12,2494
1444,1444.0,2020-05-19,27.6,27.625,27.625,27.325,806
1445,1445.0,2020-05-20,27.515,27.715,27.715,27.415,2734
1446,1446.0,2020-05-21,27.41,27.27,27.425,27.2,570
1447,1447.0,2020-05-22,26.85,26.95,27.08,26.785,6234
1448,1448.0,2020-05-25,27.19,27.33,27.33,27.09,3653
1449,1449.0,2020-05-26,27.66,27.51,27.66,27.425,1659
1450,1450.0,2020-05-27,27.4,27.245,27.57,27.1,748
1451,1451.0,2020-05-28,27.29,27.16,27.3,27.155,5067
1452,1452.0,2020-05-29,26.92,26.835,27.08,26.835,8677
1453,1453.0,2020-06-01,27.775,27.65,27.775,27.45,1900
1454,1454.0,2020-06-02,27.9,28.235,28.33,27.9,2782
1455,1455.0,2020-06-03,28.5,28.875,28.89,28.43,1779
1456,1456.0,2020-06-04,28.545,28.33,28.635,28.25,4541
1457,1457.0,2020-06-05,28.48,29.15,29.15,28.48,16008
1458,1458.0,2020-06-08,28.905,28.93,29.0,28.75,3927
1459,1459.0,2020-06-09,29.08,28.76,29.18,28.61,3243
1460,1460.0,2020-06-10,28.99,28.885,29.025,28.76,2763
1461,1461.0,2020-06-11,28.57,28.01,28.57,28.0,8236
1462,1462.0,2020-06-12,27.82,28.295,28.425,27.82,2655
1463,1463.0,2020-06-15,27.65,27.81,27.845,27.6,2965
1464,1464.0,2020-06-16,28.42,28.45,28.84,28.28,15985
1465,1465.0,2020-06-17,28.515,28.705,28.795,28.515,4798
1466,1466.0,2020-06-18,28.72,28.775,28.83,28.6,10130
1467,1467.0,2020-06-19,29.015,29.035,29.165,28.975,1217
1468,1468.0,2020-06-22,29.15,28.955,29.15,28.86,8724
1469,1469.0,2020-06-23,29.085,29.235,29.245,29.085,5530
1470,1470.0,2020-06-24,29.2,28.805,29.3,28.805,1694
1471,1471.0,2020-06-25,28.76,28.895,29.005,28.61,1320
1472,1472.0,2020-06-26,29.14,28.765,29.185,28.705,3099
1473,1473.0,2020-06-29,28.59,28.73,28.775,28.5,10348
1474,1474.0,2020-06-30,28.895,28.745,28.935,28.73,1542
1475,1475.0,2020-07-01,29.155,28.905,29.155,28.77,2730
1476,1476.0,2020-07-02,29.35,29.685,29.78,29.35,3328
1477,1477.0,2020-07-03,30.0,29.905,30.08,29.905,581
1478,1478.0,2020-07-06,30.56,30.745,30.745,30.5,3215
1479,1479.0,2020-07-07,30.395,30.54,30.655,30.275,14549
1480,1480.0,2020-07-08,30.705,30.655,30.77,30.63,3358
1481,1481.0,2020-07-09,31.03,30.93,31.26,30.9,844
1482,1482.0,2020-07-10,30.785,30.755,30.885,30.735,1039
1483,1483.0,2020-07-13,31.12,31.1,31.12,30.98,2790
1484,1484.0,2020-07-14,30.445,30.33,30.445,30.05,5177
1485,1485.0,2020-07-15,30.44,30.485,30.66,30.42,3815
1486,1486.0,2020-07-16,29.9,29.995,30.02,29.78,3744
1487,1487.0,2020-07-17,30.25,30.165,30.25,30.095,2579
1488,1488.0,2020-07-20,30.07,30.48,30.48,30.045,1831
1489,1489.0,2020-07-21,30.97,30.895,31.18,30.895,1620
1490,1490.0,2020-07-22,30.75,30.325,30.78,30.225,1992
1491,1491.0,2020-07-23,30.48,30.355,30.515,30.305,5939
1492,1492.0,2020-07-24,29.65,29.82,29.93,29.565,9904
1493,1493.0,2020-07-27,29.82,29.915,30.0,29.755,698
1494,1494.0,2020-07-28,30.145,30.075,30.235,29.995,1217
1495,1495.0,2020-07-29,30.205,30.16,30.255,30.15,424
1496,1496.0,2020-07-30,30.14,29.74,30.14,29.68,913
1497,1497.0,2020-07-31,29.71,29.595,29.855,29.52,11482
1498,1498.0,2020-08-03,29.89,30.055,30.165,29.79,1789
1499,1499.0,2020-08-04,30.35,30.195,30.39,30.18,1281
1500,1500.0,2020-08-05,30.465,30.47,30.52,30.37,16715
1501,1501.0,2020-08-06,30.43,30.36,30.58,30.33,1115
1502,1502.0,2020-08-07,30.2,30.245,30.335,30.1,12571
1503,1503.0,2020-08-10,30.155,30.12,30.29,30.1,1155
1504,1504.0,2020-08-11,30.41,30.44,30.5,30.39,1661
1505,1505.0,2020-08-12,30.415,30.555,30.555,30.39,2438
1506,1506.0,2020-08-13,30.37,30.34,30.41,30.25,1075
1507,1507.0,2020-08-14,30.38,30.28,30.38,30.15,1083
1508,1508.0,2020-08-17,30.475,30.48,30.505,30.275,860
1509,1509.0,2020-08-18,30.275,30.24,30.44,30.24,561
1510,1510.0,2020-08-19,30.19,30.27,30.3,30.1,850
1511,1511.0,2020-08-20,29.835,29.765,29.93,29.73,2609
1512,1512.0,2020-08-21,30.17,30.32,30.32,30.13,1369
1513,1513.0,2020-08-24,30.68,30.56,30.76,30.54,2912
1514,1514.0,2020-08-25,30.875,30.805,30.875,30.65,648
1515,1515.0,2020-08-26,30.885,30.975,31.035,30.86,2531
1516,1516.0,2020-08-27,30.93,30.84,31.015,30.84,9648
1517,1517.0,2020-08-28,30.92,30.88,30.92,30.67,3611
1518,1518.0,2020-08-31,30.7,30.065,30.705,30.02,1149
1519,1519.0,2020-09-01,30.47,30.575,30.67,30.3,3193
1520,1520.0,2020-09-02,30.99,30.77,31.08,30.725,1964
1521,1521.0,2020-09-03,31.065,30.285,31.065,30.185,2012
1522,1522.0,2020-09-04,30.13,30.095,30.52,30.0,2161
1523,1523.0,2020-09-07,30.175,30.265,30.305,30.11,1134
1524,1524.0,2020-09-08,30.38,30.05,30.38,29.875,1247
1525,1525.0,2020-09-09,29.985,30.21,30.235,29.985,1491
1526,1526.0,2020-09-10,30.195,30.055,30.195,30.0,1188
1527,1527.0,2020-09-11,30.225,30.145,30.305,30.14,906
1528,1528.0,2020-09-14,30.545,30.425,30.6,30.325,2921
1529,1529.0,2020-09-15,30.7,30.885,30.9,30.615,5779
1530,1530.0,2020-09-16,30.935,31.035,31.035,30.87,2535
1531,1531.0,2020-09-17,30.815,30.685,30.815,30.57,2806
1532,1532.0,2020-09-18,30.855,30.505,30.9,30.505,986
1533,1533.0,2020-09-21,30.345,30.005,30.345,29.95,3104
1534,1534.0,2020-09-22,30.105,30.04,30.245,30.04,4269
1535,1535.0,2020-09-23,30.115,30.055,30.33,30.055,1048
1536,1536.0,2020-09-24,29.635,29.735,29.735,29.46,11164
1537,1537.0,2020-09-25,29.675,29.67,29.675,29.48,2736
1538,1538.0,2020-09-28,29.955,30.09,30.18,29.955,6713
1539,1539.0,2020-09-29,29.94,29.91,29.94,29.83,2143
1540,1540.0,2020-09-30,29.94,30.39,30.465,29.94,912
1541,1541.0,2020-10-01,30.64,30.565,30.75,30.5,4697
1542,1542.0,2020-10-02,30.275,30.535,30.605,30.2,1613
1543,1543.0,2020-10-05,30.47,30.5,30.5,30.35,2141
1544,1544.0,2020-10-06,30.54,30.79,30.84,30.525,1569
1545,1545.0,2020-10-07,31.0,31.045,31.07,30.955,8656
1546,1546.0,2020-10-08,31.08,31.165,31.265,31.08,3063
1547,1547.0,2020-10-09,31.22,31.405,31.465,31.15,3728
1548,1548.0,2020-10-12,31.48,31.675,31.715,31.48,1283
1549,1549.0,2020-10-13,31.675,31.685,31.785,31.58,3613
1550,1550.0,2020-10-14,31.665,31.705,31.78,31.6,12993
1551,1551.0,2020-10-15,31.455,31.305,31.455,31.1,11472
1552,1552.0,2020-10-16,31.44,31.48,31.585,31.4,3086
1553,1553.0,2020-10-19,31.635,31.485,31.68,31.41,992
1554,1554.0,2020-10-20,31.545,31.425,31.545,31.34,845
1555,1555.0,2020-10-21,31.555,31.52,31.605,31.35,3288
1556,1556.0,2020-10-22,31.445,31.51,31.66,31.445,848
1557,1557.0,2020-10-23,31.575,31.465,31.7,31.4,3460
1558,1558.0,2020-10-26,31.395,31.33,31.555,31.265,7593
1559,1559.0,2020-10-27,31.405,31.465,31.52,31.355,1083
1560,1560.0,2020-10-28,31.545,31.03,31.545,30.99,3704
1561,1561.0,2020-10-29,31.32,31.31,31.36,31.1,9889
1562,1562.0,2020-10-30,30.975,31.045,31.16,30.825,24255
1563,1563.0,2020-11-02,31.31,31.42,31.555,31.26,1345
1564,1564.0,2020-11-03,31.715,31.47,31.9,31.37,5374
1565,1565.0,2020-11-04,31.475,32.39,32.42,31.4,17489
1566,1566.0,2020-11-05,32.72,32.605,32.94,32.5,5928
1567,1567.0,2020-11-06,32.495,32.645,32.655,32.28,2195
1568,1568.0,2020-11-09,32.92,33.465,33.94,32.92,5298
1569,1569.0,2020-11-10,32.955,32.785,33.165,32.635,10001
1570,1570.0,2020-11-11,32.66,33.005,33.11,32.66,1956
1571,1571.0,2020-11-12,32.95,33.09,33.165,32.95,2129
1572,1572.0,2020-11-13,33.08,33.025,33.21,32.995,2330
1573,1573.0,2020-11-16,33.24,33.595,33.675,33.24,9765
1574,1574.0,2020-11-17,33.4,33.38,33.41,33.2,5370
1575,1575.0,2020-11-18,33.43,33.48,33.69,33.43,2708
1576,1576.0,2020-11-19,33.3,33.435,33.485,33.2,4071
1577,1577.0,2020-11-20,33.39,33.67,33.685,33.385,10365
1578,1578.0,2020-11-23,33.965,33.845,34.03,33.8,11125
1579,1579.0,2020-11-24,34.075,34.085,34.085,33.915,11699
1580,1580.0,2020-11-25,33.81,33.885,33.9,33.72,56948
1581,1581.0,2020-11-26,33.98,34.015,34.07,33.9,38434
1582,1582.0,2020-11-27,34.07,34.045,34.215,34.045,14828
1583,1583.0,2020-11-30,33.39,33.25,33.575,33.185,8059
1584,1584.0,2020-12-01,33.58,33.575,33.715,33.55,4379
1585,1585.0,2020-12-02,33.5,33.53,33.64,33.4,17321
1586,1586.0,2020-12-03,33.625,33.79,33.835,33.585,4298
1587,1587.0,2020-12-04,34.04,34.055,34.1,33.875,6761
1588,1588.0,2020-12-07,34.035,34.175,34.175,33.88,9143
1589,1589.0,2020-12-08,34.11,34.15,34.16,34.0,5692
1590,1590.0,2020-12-09,34.3,34.145,34.34,34.145,5442
1591,1591.0,2020-12-10,34.095,34.245,34.245,33.85,4550
1592,1592.0,2020-12-11,34.21,34.13,34.24,33.98,32968
1593,1593.0,2020-12-14,34.07,33.95,34.12,33.935,11744
1594,1594.0,2020-12-15,33.905,33.995,34.03,33.9,3235
1595,1595.0,2020-12-16,34.285,34.21,34.315,34.06,15176
1596,1596.0,2020-12-17,34.365,34.195,34.365,34.14,3217
1597,1597.0,2020-12-18,34.1,34.29,34.3,34.1,3516
1598,1598.0,2020-12-21,34.095,33.84,34.135,33.495,9503
1599,1599.0,2020-12-22,33.69,33.74,33.905,33.66,16772
1600,1600.0,2020-12-23,34.07,34.045,34.115,33.91,9334
1601,1601.0,2020-12-24,34.175,34.025,34.175,34.0,1634
1602,1602.0,2020-12-28,33.925,33.975,34.135,33.785,23508
1603,1603.0,2020-12-29,34.14,34.285,34.285,34.055,18989
1604,1604.0,2020-12-30,34.695,34.715,34.765,34.58,10293
1605,1605.0,2020-12-31,34.88,34.895,34.905,34.725,2705
1606,1606.0,2021-01-04,35.33,35.055,35.415,35.0,14616
1607,1607.0,2021-01-05,35.33,35.445,35.445,35.09,17074
1608,1608.0,2021-01-06,35.41,35.545,35.565,35.2,5005
1609,1609.0,2021-01-07,35.535,35.56,35.665,35.5,3671
1610,1610.0,2021-01-08,36.17,36.6,36.6,36.15,9371
1611,1611.0,2021-01-11,36.635,36.61,36.755,36.52,7183
1612,1612.0,2021-01-12,36.765,36.915,36.915,36.715,8337
1613,1613.0,2021-01-13,36.895,36.83,36.96,36.74,6880
1614,1614.0,2021-01-14,37.18,37.505,37.505,37.18,20380
1615,1615.0,2021-01-15,37.235,37.135,37.27,36.9,7662
1616,1616.0,2021-01-18,37.145,37.235,37.28,37.08,5899
1617,1617.0,2021-01-19,37.715,37.465,37.765,37.42,8303
1618,1618.0,2021-01-20,38.025,38.085,38.24,38.025,4679
1619,1619.0,2021-01-21,38.415,38.14,38.415,38.04,5743
1620,1620.0,2021-01-22,37.75,37.66,37.75,37.45,3376
1621,1621.0,2021-01-25,38.345,37.99,38.41,37.955,7210
1622,1622.0,2021-01-26,37.63,37.675,37.85,37.61,7714
1623,1623.0,2021-01-27,37.425,37.185,37.485,37.04,7178
1624,1624.0,2021-01-28,36.57,37.03,37.03,36.29,12553
1625,1625.0,2021-01-29,36.395,36.3,36.475,36.185,7988
1626,1626.0,2021-02-01,36.89,37.12,37.2,36.885,9928
1627,1627.0,2021-02-02,37.87,38.0,38.09,37.85,6236
1628,1628.0,2021-02-03,38.335,38.23,38.385,38.145,3755
1629,1629.0,2021-02-04,38.15,38.205,38.34,38.095,21248
1630,1630.0,2021-02-05,38.4,38.45,38.535,38.26,7465
1631,1631.0,2021-02-08,38.395,38.505,38.58,38.3,14868
1632,1632.0,2021-02-09,38.455,38.645,38.65,38.32,5596
1633,1633.0,2021-02-10,38.91,38.82,39.07,38.6,5527
1634,1634.0,2021-02-11,39.04,39.38,39.38,39.02,14011
1635,1635.0,2021-02-12,39.18,39.375,39.375,39.1,7454
1636,1636.0,2021-02-15,39.545,39.68,39.715,39.545,6766
1637,1637.0,2021-02-16,39.615,39.46,39.69,39.46,12408
1638,1638.0,2021-02-17,39.71,39.495,39.8,39.45,3040
1639,1639.0,2021-02-18,39.13,38.765,39.195,38.6,9980
1640,1640.0,2021-02-19,38.955,39.215,39.235,38.815,6591
1641,1641.0,2021-02-22,38.19,38.065,38.205,37.95,19114
1642,1642.0,2021-02-23,37.995,37.785,37.995,37.2,32597
1643,1643.0,2021-02-24,37.505,37.625,37.775,37.3,12117
1644,1644.0,2021-02-25,37.925,37.385,37.925,37.38,7653
1645,1645.0,2021-02-26,36.48,36.665,36.71,36.235,13645
1646,1646.0,2021-03-01,37.285,37.745,37.755,37.215,16605
1647,1647.0,2021-03-02,37.355,37.21,37.515,37.2,7184
1648,1648.0,2021-03-03,37.895,37.475,37.95,37.35,22209
1649,1649.0,2021-03-04,37.155,37.1,37.3,36.835,4344
1650,1650.0,2021-03-05,36.99,36.585,37.25,36.495,23367
1651,1651.0,2021-03-08,36.44,36.515,36.74,36.26,13195
1652,1652.0,2021-03-09,36.245,36.975,37.035,36.245,9647
1653,1653.0,2021-03-10,36.835,36.775,37.105,36.715,9902
1654,1654.0,2021-03-11,37.495,37.685,37.69,37.445,6647
1655,1655.0,2021-03-12,37.21,37.05,37.22,37.02,6606
1656,1656.0,2021-03-15,37.05,37.16,37.315,37.0,5816
1657,1657.0,2021-03-16,37.385,37.555,37.68,37.305,6608
1658,1658.0,2021-03-17,37.32,37.125,37.385,36.94,3859
1659,1659.0,2021-03-18,37.39,37.21,37.415,37.1,6034
1660,1660.0,2021-03-19,36.965,37.25,37.275,36.955,2500
1661,1661.0,2021-03-22,37.08,37.165,37.185,36.99,5545
1662,1662.0,2021-03-23,36.815,36.92,36.94,36.7,4512
1663,1663.0,2021-03-24,36.45,36.31,36.66,36.31,6332
1664,1664.0,2021-03-25,36.145,36.3,36.3,35.9,7032
1665,1665.0,2021-03-26,36.73,36.57,36.865,36.5,16269
1666,1666.0,2021-03-29,36.705,36.865,36.935,36.655,5006
1667,1667.0,2021-03-30,37.06,37.255,37.255,37.025,5151
1668,1668.0,2021-03-31,37.125,37.375,37.42,37.01,6292
1669,1669.0,2021-04-01,37.795,37.78,37.965,37.69,8806
1670,1670.0,2021-04-06,37.69,37.82,37.855,37.535,15472
1671,1671.0,2021-04-07,37.43,37.12,37.43,37.01,7817
1672,1672.0,2021-04-08,37.545,37.395,37.545,37.33,6290
1673,1673.0,2021-04-09,37.105,37.005,37.175,36.92,6647
1674,1674.0,2021-04-12,36.76,36.725,36.8,36.675,8363
1675,1675.0,2021-04-13,36.73,36.9,36.9,36.62,15028
1676,1676.0,2021-04-14,37.005,37.055,37.18,37.005,5136
1677,1677.0,2021-04-15,36.97,37.16,37.245,36.945,16583
1678,1678.0,2021-04-16,37.3,37.285,37.375,37.15,2740
1679,1679.0,2021-04-19,37.33,36.98,37.34,36.98,2804
1680,1680.0,2021-04-20,37.08,36.67,37.1,36.67,3776
1681,1681.0,2021-04-21,36.66,36.77,36.795,36.57,17072
1682,1682.0,2021-04-22,36.865,37.045,37.09,36.78,2855
1683,1683.0,2021-04-23,37.155,37.195,37.21,37.085,5689
1684,1684.0,2021-04-26,37.185,37.2,37.26,37.0,4708
1685,1685.0,2021-04-27,37.4,37.33,37.4,37.245,5422
1686,1686.0,2021-04-28,37.39,37.395,37.535,37.25,5339
1687,1687.0,2021-04-29,37.585,37.175,37.605,37.14,4961
1688,1688.0,2021-04-30,37.04,37.0,37.075,36.85,4159
1689,1689.0,2021-05-03,36.79,36.905,36.99,36.7,7618
1690,1690.0,2021-05-04,36.925,36.365,36.99,36.34,15438
1691,1691.0,2021-05-05,36.64,36.895,36.895,36.64,5919
1692,1692.0,2021-05-06,36.865,36.895,36.9,36.725,6659
1693,1693.0,2021-05-07,36.94,37.165,37.175,36.82,2780
1694,1694.0,2021-05-10,36.685,36.51,36.885,36.47,7947
1695,1695.0,2021-05-11,36.105,36.105,36.12,35.6,8455
1696,1696.0,2021-05-12,36.095,35.7,36.165,35.7,4988
1697,1697.0,2021-05-13,35.54,35.57,35.74,35.27,3524
1698,1698.0,2021-05-14,35.685,35.87,35.87,35.585,2376
1699,1699.0,2021-05-17,35.79,35.775,35.85,35.58,2893
1700,1700.0,2021-05-18,36.305,36.205,36.335,36.07,3753
1701,1701.0,2021-05-19,35.91,35.885,35.95,35.65,13181
1702,1702.0,2021-05-20,35.985,36.18,36.18,35.85,2427
1703,1703.0,2021-05-21,36.04,36.0,36.26,35.98,2413
1704,1704.0,2021-05-24,36.05,36.085,36.085,35.895,1751
1705,1705.0,2021-05-25,36.5,36.35,36.51,36.35,4459
1706,1706.0,2021-05-26,36.65,36.7,36.71,36.5,5524
1707,1707.0,2021-05-27,36.75,36.83,36.875,36.67,7725
1708,1708.0,2021-05-28,36.965,37.115,37.2,36.965,3597
1709,1709.0,2021-05-31,37.375,37.29,37.455,37.26,6453
1710,1710.0,2021-06-01,37.67,37.66,37.85,37.6,6145
1711,1711.0,2021-06-02,37.675,37.84,37.85,37.61,4630
1712,1712.0,2021-06-03,37.74,37.78,37.825,37.555,4086
1713,1713.0,2021-06-04,37.765,37.855,37.905,37.7,4151
1714,1714.0,2021-06-07,37.76,37.57,37.855,37.555,2545
1715,1715.0,2021-06-08,37.575,37.475,37.66,37.425,3094
1716,1716.0,2021-06-09,37.445,37.46,37.51,37.355,1221
1717,1717.0,2021-06-10,37.63,37.72,37.76,37.5,1984
1718,1718.0,2021-06-11,37.705,37.77,37.89,37.705,2851
1719,1719.0,2021-06-14,37.925,37.92,37.96,37.78,1772
1720,1720.0,2021-06-15,37.865,37.615,37.885,37.615,6571
1721,1721.0,2021-06-16,37.615,37.65,37.66,37.495,5137
1722,1722.0,2021-06-17,37.7,38.055,38.055,37.7,1093
1723,1723.0,2021-06-18,38.04,37.865,38.1,37.815,4091
1724,1724.0,2021-06-21,37.665,37.685,37.77,37.48,4914
1725,1725.0,2021-06-22,37.69,37.55,37.7,37.47,5771
1726,1726.0,2021-06-23,37.98,37.87,38.005,37.775,1675
1727,1727.0,2021-06-24,38.02,38.18,38.18,37.98,1505
1728,1728.0,2021-06-25,38.435,38.415,38.5,38.37,5547
1729,1729.0,2021-06-28,38.425,38.455,38.63,38.39,4311
1730,1730.0,2021-06-29,38.305,38.37,38.44,38.275,2165
1731,1731.0,2021-06-30,38.505,38.465,38.575,38.35,2203
1732,1732.0,2021-07-01,38.5,38.155,38.59,38.12,4659
1733,1733.0,2021-07-02,37.95,38.11,38.225,37.93,3269
1734,1734.0,2021-07-05,37.975,37.94,38.03,37.895,3538
1735,1735.0,2021-07-06,37.91,37.745,38.03,37.72,3830
1736,1736.0,2021-07-07,37.73,37.705,37.98,37.7,2451
1737,1737.0,2021-07-08,37.12,36.83,37.17,36.67,6964
1738,1738.0,2021-07-09,37.015,37.295,37.325,37.015,6879
1739,1739.0,2021-07-12,37.255,37.355,37.355,37.09,2192
1740,1740.0,2021-07-13,37.695,37.84,37.84,37.6,3364
1741,1741.0,2021-07-14,37.825,37.78,38.01,37.78,4688
1742,1742.0,2021-07-15,38.055,37.99,38.07,37.92,1588
1743,1743.0,2021-07-16,37.91,37.705,37.97,37.7,1368
1744,1744.0,2021-07-19,37.355,36.985,37.385,36.76,12717
1745,1745.0,2021-07-20,37.075,37.135,37.185,36.9,4932
1746,1746.0,2021-07-21,37.095,37.18,37.18,36.95,1701
1747,1747.0,2021-07-22,37.495,37.455,37.57,37.34,3206
1748,1748.0,2021-07-23,37.35,36.91,37.35,36.8,5423
1749,1749.0,2021-07-26,36.28,36.21,36.34,35.93,7925
1750,1750.0,2021-07-27,35.485,35.1,35.51,35.1,7181
1751,1751.0,2021-07-28,35.51,36.165,36.185,35.46,3112
1752,1752.0,2021-07-29,36.405,36.375,36.6,36.25,3289
1753,1753.0,2021-07-30,35.885,36.125,36.2,35.815,2062
1754,1754.0,2021-08-02,36.285,36.42,36.475,36.2,4344
1755,1755.0,2021-08-03,36.4,36.32,36.405,36.15,3080
1756,1756.0,2021-08-04,36.755,36.77,36.87,36.63,2801
1757,1757.0,2021-08-05,36.635,36.82,36.87,36.635,3129
1758,1758.0,2021-08-06,36.625,36.59,36.765,36.54,1921
1759,1759.0,2021-08-09,36.86,36.875,36.92,36.71,2838
1760,1760.0,2021-08-10,37.08,36.94,37.1,36.9,3485
1761,1761.0,2021-08-11,36.945,36.92,37.135,36.85,2490
1762,1762.0,2021-08-12,36.72,36.665,36.78,36.54,2795
1763,1763.0,2021-08-13,36.44,36.355,36.45,36.27,2014
1764,1764.0,2021-08-16,36.045,36.05,36.17,35.965,4964
1765,1765.0,2021-08-17,35.555,35.815,35.86,35.5,2225
1766,1766.0,2021-08-18,36.025,35.945,36.07,35.9,3752
1767,1767.0,2021-08-19,35.21,35.2,35.26,34.95,13448
1768,1768.0,2021-08-20,34.96,35.145,35.22,34.675,4419
1769,1769.0,2021-08-23,35.275,35.4,35.405,35.2,4986
1770,1770.0,2021-08-24,35.945,36.27,36.34,35.885,2680
1771,1771.0,2021-08-25,36.35,36.34,36.385,36.215,11831
1772,1772.0,2021-08-26,35.985,36.055,36.125,35.98,3257
1773,1773.0,2021-08-27,36.05,36.29,36.29,36.05,2096
1774,1774.0,2021-08-30,36.375,36.365,36.5,36.21,3105
1775,1775.0,2021-08-31,36.78,36.895,36.9,36.68,2253
1776,1776.0,2021-09-01,37.2,37.27,37.27,36.995,4917
1777,1777.0,2021-09-02,37.14,37.18,37.25,37.02,3589
1778,1778.0,2021-09-03,36.91,37.14,37.165,36.91,5937
1779,1779.0,2021-09-06,37.34,37.515,37.515,37.34,4447
1780,1780.0,2021-09-07,37.495,37.53,37.53,37.3,6283
1781,1781.0,2021-09-08,37.175,37.05,37.455,36.99,8406
1782,1782.0,2021-09-09,36.725,36.905,37.04,36.6,5337
1783,1783.0,2021-09-10,37.12,36.97,37.28,36.955,2161
1784,1784.0,2021-09-13,36.83,36.98,37.05,36.83,3615
1785,1785.0,2021-09-14,36.715,36.73,36.82,36.63,1431
1786,1786.0,2021-09-15,36.565,36.42,36.615,36.42,1530
1787,1787.0,2021-09-16,36.295,36.34,36.42,36.245,3360
1788,1788.0,2021-09-17,36.51,36.335,36.555,36.335,7747
1789,1789.0,2021-09-20,35.785,35.5,35.83,35.445,10019
1790,1790.0,2021-09-21,35.595,35.64,35.84,35.55,3672
1791,1791.0,2021-09-22,36.0,36.22,36.28,35.945,1462
1792,1792.0,2021-09-23,36.38,36.28,36.555,36.23,8208
1793,1793.0,2021-09-24,36.145,36.075,36.215,35.955,5026
1794,1794.0,2021-09-27,36.27,36.22,36.28,36.02,2990
1795,1795.0,2021-09-28,36.425,35.87,36.425,35.84,1368
1796,1796.0,2021-09-29,35.915,35.945,36.04,35.87,1035
1797,1797.0,2021-09-30,36.16,36.325,36.345,36.09,6284
1798,1798.0,2021-10-01,35.795,35.965,36.185,35.75,4040
1799,1799.0,2021-10-04,35.7,35.325,35.8,35.3,7004
1800,1800.0,2021-10-05,35.595,35.845,35.92,35.56,3640
1801,1801.0,2021-10-06,35.575,35.61,35.63,35.28,4256
1802,1802.0,2021-10-07,36.3,36.53,36.53,36.245,3620
1803,1803.0,2021-10-08,36.395,36.505,36.57,36.315,1126
1804,1804.0,2021-10-11,36.71,36.735,36.82,36.675,2496
1805,1805.0,2021-10-12,36.225,36.505,36.625,36.2,3565
1806,1806.0,2021-10-13,36.49,36.72,36.78,36.43,814
1807,1807.0,2021-10-14,36.815,36.785,36.96,36.745,5560
1808,1808.0,2021-10-15,37.005,37.31,37.31,37.0,8057
1809,1809.0,2021-10-18,37.115,37.2,37.235,37.0,2462
1810,1810.0,2021-10-19,37.405,37.505,37.505,37.29,5705
1811,1811.0,2021-10-20,37.475,37.52,37.655,37.41,2040
1812,1812.0,2021-10-21,37.22,37.18,37.305,37.155,2119
1813,1813.0,2021-10-22,37.345,37.155,37.445,37.155,4001
1814,1814.0,2021-10-25,37.28,37.465,37.5,37.25,5295
1815,1815.0,2021-10-26,37.575,37.435,37.66,37.435,2742
1816,1816.0,2021-10-27,37.195,37.125,37.2,37.0,3434
1817,1817.0,2021-10-28,37.025,36.69,37.07,36.675,1546
1818,1818.0,2021-10-29,36.46,36.68,36.68,36.4,4300
1819,1819.0,2021-11-01,36.63,36.85,36.9,36.6,3249
1820,1820.0,2021-11-02,36.635,36.575,36.65,36.54,5286
1821,1821.0,2021-11-03,36.55,36.56,36.605,36.46,2447
1822,1822.0,2021-11-04,36.915,36.72,37.035,36.7,3852
1823,1823.0,2021-11-05,36.695,36.745,36.99,36.635,6466
1824,1824.0,2021-11-08,36.855,36.895,36.985,36.81,5156
1825,1825.0,2021-11-09,36.895,36.85,37.0,36.78,5457
1826,1826.0,2021-11-10,37.1,37.165,37.23,36.9,6552
1827,1827.0,2021-11-11,37.38,37.765,37.765,37.285,2368
1828,1828.0,2021-11-12,37.8,37.86,37.87,37.72,4880
1829,1829.0,2021-11-15,37.85,37.895,38.0,37.835,13381
1830,1830.0,2021-11-16,38.2,38.155,38.28,38.0,4604
1831,1831.0,2021-11-17,38.36,38.095,38.375,38.05,6919
1832,1832.0,2021-11-18,37.77,37.495,37.98,37.3,10756
1833,1833.0,2021-11-19,37.63,37.615,37.74,37.475,4607
1834,1834.0,2021-11-22,37.84,37.54,37.84,37.54,2491
1835,1835.0,2021-11-23,37.48,37.26,37.54,37.2,7759
1836,1836.0,2021-11-24,37.535,37.465,37.55,37.265,2198
1837,1837.0,2021-11-25,37.615,37.545,37.655,37.46,1485
1838,1838.0,2021-11-26,36.525,35.735,36.525,35.735,10336
1839,1839.0,2021-11-29,36.375,36.12,36.43,36.1,6464
1840,1840.0,2021-11-30,35.86,35.965,36.1,35.615,11052
1841,1841.0,2021-12-01,36.325,36.77,36.815,36.295,12312
1842,1842.0,2021-12-02,36.695,36.67,36.78,36.4,7060
1843,1843.0,2021-12-03,36.67,36.155,36.695,36.08,10811
1844,1844.0,2021-12-06,36.21,36.32,36.355,35.91,5072
1845,1845.0,2021-12-07,36.815,37.065,37.085,36.8,10483
1846,1846.0,2021-12-08,36.935,36.96,37.1,36.8,3602
1847,1847.0,2021-12-09,37.125,37.05,37.125,36.82,2498
1848,1848.0,2021-12-10,36.77,36.77,37.015,36.765,2010
1849,1849.0,2021-12-13,36.82,36.31,36.95,36.31,2793
1850,1850.0,2021-12-14,36.415,36.2,36.425,36.08,6038
1851,1851.0,2021-12-15,36.23,35.86,36.265,35.86,7121
1852,1852.0,2021-12-16,36.41,36.3,36.58,36.24,1618
1853,1853.0,2021-12-17,36.06,36.16,36.245,35.76,5389
1854,1854.0,2021-12-20,35.405,35.32,35.58,35.31,5977
1855,1855.0,2021-12-21,35.845,36.065,36.095,35.695,3167
1856,1856.0,2021-12-22,36.04,36.135,36.135,35.91,5158
1857,1857.0,2021-12-23,36.265,36.385,36.395,36.145,2367
1858,1858.0,2021-12-24,36.23,36.195,36.285,36.15,1547
1859,1859.0,2021-12-27,36.265,36.51,36.61,36.265,4665
1860,1860.0,2021-12-28,36.515,36.465,36.635,36.45,7608
1861,1861.0,2021-12-29,36.39,36.155,36.515,36.02,3733
1862,1862.0,2021-12-30,36.2,36.615,36.615,36.17,3229
1863,1863.0,2021-12-31,36.78,36.715,36.8,36.655,327
1864,1864.0,2022-01-03,36.725,36.87,36.89,36.47,10722
1865,1865.0,2022-01-04,36.87,36.73,36.99,36.645,5081
1866,1866.0,2022-01-05,36.42,36.52,36.645,36.34,6179
1867,1867.0,2022-01-06,36.315,36.3,36.405,36.05,5907
1868,1868.0,2022-01-07,36.38,36.395,36.57,36.24,4399
1869,1869.0,2022-01-10,36.77,36.43,36.775,36.31,2646
1870,1870.0,2022-01-11,36.75,37.11,37.11,36.71,6079
1871,1871.0,2022-01-12,37.405,37.485,37.62,37.355,3927
1872,1872.0,2022-01-13,37.27,37.22,37.395,37.15,2324
1873,1873.0,2022-01-14,36.915,37.045,37.07,36.8,4771
1874,1874.0,2022-01-17,36.995,37.095,37.14,36.935,9832
1875,1875.0,2022-01-18,36.85,36.845,36.895,36.545,7740
1876,1876.0,2022-01-19,36.655,36.915,37.11,36.62,4757
1877,1877.0,2022-01-20,37.25,37.665,37.68,37.185,3884
1878,1878.0,2022-01-21,37.045,36.915,37.215,36.695,12778
1879,1879.0,2022-01-24,36.615,35.665,36.64,35.605,4931
1880,1880.0,2022-01-25,35.92,35.975,36.185,35.85,5752
1881,1881.0,2022-01-26,36.165,36.2,36.49,36.09,4341
1882,1882.0,2022-01-27,35.5,36.15,36.195,35.5,2675
1883,1883.0,2022-01-28,35.88,35.725,35.88,35.43,3085
1884,1884.0,2022-01-31,36.285,36.61,36.61,36.14,2223
1885,1885.0,2022-02-01,36.765,36.865,36.89,36.6,5418
1886,1886.0,2022-02-02,36.955,36.565,37.025,36.565,2379
1887,1887.0,2022-02-03,36.43,35.97,36.435,35.97,2480
1888,1888.0,2022-02-04,36.08,35.85,36.18,35.65,36214
1889,1889.0,2022-02-07,36.005,35.94,36.04,35.8,1699
1890,1890.0,2022-02-08,35.885,36.285,36.285,35.83,1681
1891,1891.0,2022-02-09,36.585,36.78,36.81,36.55,16107
1892,1892.0,2022-02-10,36.9,36.77,36.98,36.72,2844
1893,1893.0,2022-02-11,36.695,36.78,36.88,36.6,2186
1894,1894.0,2022-02-14,36.2,36.285,36.42,35.91,3704
1895,1895.0,2022-02-15,36.38,36.76,36.76,36.38,1234
1896,1896.0,2022-02-16,36.93,36.93,37.0,36.79,1322
1897,1897.0,2022-02-17,37.06,36.95,37.07,36.845,1035
1898,1898.0,2022-02-18,36.715,36.415,36.75,36.36,10169
1899,1899.0,2022-02-21,36.41,36.14,36.415,36.045,9947
1900,1900.0,2022-02-22,35.75,35.915,36.145,35.69,3534
1901,1901.0,2022-02-23,36.06,35.78,36.14,35.74,3144
1902,1902.0,2022-02-24,34.755,34.535,34.755,34.22,9226
1903,1903.0,2022-02-25,35.12,35.33,35.435,35.0,4218
1904,1904.0,2022-02-28,35.165,35.19,35.25,34.85,3586
1905,1905.0,2022-03-01,35.555,35.365,35.605,35.14,8350
1906,1906.0,2022-03-02,35.18,35.22,35.415,35.005,2797
1907,1907.0,2022-03-03,35.06,34.905,35.26,34.9,11390
1908,1908.0,2022-03-04,34.815,34.425,34.835,34.4,5702
1909,1909.0,2022-03-07,33.915,33.84,34.1,33.685,7757
1910,1910.0,2022-03-08,33.36,33.37,33.7,33.235,8881
1911,1911.0,2022-03-09,33.53,33.74,33.855,33.53,2207
1912,1912.0,2022-03-10,33.855,33.29,33.915,33.29,1324
1913,1913.0,2022-03-11,33.52,33.145,33.75,33.145,2755
1914,1914.0,2022-03-14,32.64,32.27,32.75,32.15,17513
1915,1915.0,2022-03-15,31.455,32.02,32.055,31.15,3377
1916,1916.0,2022-03-16,33.075,33.92,34.0,33.075,6773
1917,1917.0,2022-03-17,34.365,33.895,34.365,33.715,3486
1918,1918.0,2022-03-18,34.065,34.635,34.65,34.0,1406
1919,1919.0,2022-03-21,34.05,34.18,34.415,34.02,6739
1920,1920.0,2022-03-22,34.79,34.89,34.965,34.72,978
1921,1921.0,2022-03-23,34.95,34.985,35.075,34.685,1650
1922,1922.0,2022-03-24,34.965,34.875,34.975,34.72,5054
1923,1923.0,2022-03-25,34.5,34.6,34.66,34.39,2751
1924,1924.0,2022-03-28,34.69,34.67,34.92,34.67,2698
1925,1925.0,2022-03-29,34.845,34.98,35.015,34.745,1713
1926,1926.0,2022-03-30,35.065,34.97,35.065,34.81,1997
1927,1927.0,2022-03-31,34.685,34.66,34.855,34.6,2755
1928,1928.0,2022-04-01,34.93,35.135,35.355,34.87,4441
1929,1929.0,2022-04-04,35.57,35.905,35.97,35.5,5393
1930,1930.0,2022-04-05,36.035,35.61,36.07,35.525,2139
1931,1931.0,2022-04-06,35.62,35.065,35.62,35.05,1265
1932,1932.0,2022-04-07,35.075,34.71,35.125,34.69,3009
1933,1933.0,2022-04-08,35.15,35.08,35.31,35.07,2261
1934,1934.0,2022-04-11,34.49,34.62,34.785,34.32,3376
1935,1935.0,2022-04-12,34.63,34.84,34.9,34.5,2287
1936,1936.0,2022-04-13,34.95,34.97,35.01,34.85,3477
1937,1937.0,2022-04-14,34.855,34.85,34.94,34.73,2426
1938,1938.0,2022-04-19,34.705,34.4,34.705,34.16,4081
1939,1939.0,2022-04-20,34.38,34.135,34.47,34.1,1530
1940,1940.0,2022-04-21,33.955,33.78,34.075,33.78,1941
1941,1941.0,2022-04-22,33.795,33.68,33.9,33.635,4465
1942,1942.0,2022-04-25,33.04,33.115,33.25,32.9,7402
1943,1943.0,2022-04-26,33.405,33.0,33.455,32.965,1175
1944,1944.0,2022-04-27,33.37,33.385,33.61,33.25,2390
1945,1945.0,2022-04-28,33.905,33.705,34.13,33.685,11405
1946,1946.0,2022-04-29,34.765,34.565,34.865,34.48,3355
1947,1947.0,2022-05-02,34.235,34.035,34.495,33.965,3418
1948,1948.0,2022-05-03,34.4,34.315,34.445,34.185,13179
1949,1949.0,2022-05-04,34.22,33.745,34.255,33.745,5445
1950,1950.0,2022-05-05,34.31,33.43,34.31,33.43,1977
1951,1951.0,2022-05-06,33.28,32.99,33.28,32.73,6590
1952,1952.0,2022-05-09,32.75,32.155,32.775,32.155,2959
1953,1953.0,2022-05-10,32.5,32.03,32.555,32.025,2968
1954,1954.0,2022-05-11,32.535,32.525,32.72,32.27,3962
1955,1955.0,2022-05-12,31.9,32.335,32.42,31.835,2057
1956,1956.0,2022-05-13,32.755,32.945,33.05,32.65,1958
1957,1957.0,2022-05-16,32.79,32.905,32.95,32.66,3608
1958,1958.0,2022-05-17,33.42,33.28,33.515,33.16,1620
1959,1959.0,2022-05-18,33.39,33.025,33.48,33.025,750
1960,1960.0,2022-05-19,32.745,32.805,32.885,32.48,7617
1961,1961.0,2022-05-20,33.33,33.08,33.375,33.0,1804
1962,1962.0,2022-05-23,33.09,33.035,33.2,32.83,4351
1963,1963.0,2022-05-24,32.315,32.02,32.44,31.945,2219
1964,1964.0,2022-05-25,32.47,32.42,32.5,32.28,1091
1965,1965.0,2022-05-26,32.295,32.8,32.915,32.295,2089
1966,1966.0,2022-05-27,32.865,33.34,33.34,32.865,3002
1967,1967.0,2022-05-30,33.72,33.715,33.845,33.68,1669
1968,1968.0,2022-05-31,33.99,33.93,34.26,33.93,5644
1969,1969.0,2022-06-01,34.01,33.78,34.06,33.775,2296
1970,1970.0,2022-06-02,33.83,33.99,33.99,33.69,1446
1971,1971.0,2022-06-03,34.045,33.585,34.06,33.47,3727
1972,1972.0,2022-06-06,33.935,34.065,34.245,33.77,1239
1973,1973.0,2022-06-07,33.825,33.8,33.88,33.72,1968
1974,1974.0,2022-06-08,34.25,34.095,34.25,33.9,1641
1975,1975.0,2022-06-09,34.04,33.78,34.355,33.73,2114
1976,1976.0,2022-06-10,33.945,33.535,34.16,33.535,1195
1977,1977.0,2022-06-13,33.105,32.69,33.16,32.645,2481
1978,1978.0,2022-06-14,33.315,33.16,33.315,32.89,1510
1979,1979.0,2022-06-15,33.18,33.39,33.39,33.03,3051
1980,1980.0,2022-06-16,33.135,32.265,33.135,32.18,4460
1981,1981.0,2022-06-17,32.575,32.525,32.815,32.39,998
1982,1982.0,2022-06-20,32.49,32.495,32.495,32.325,708
1983,1983.0,2022-06-21,32.73,32.865,32.905,32.7,5919
1984,1984.0,2022-06-22,32.245,32.24,32.32,32.09,2414
1985,1985.0,2022-06-23,32.215,32.38,32.55,32.16,687
1986,1986.0,2022-06-24,32.77,32.91,32.94,32.66,1595
1987,1987.0,2022-06-27,33.205,33.01,33.325,33.01,4356
1988,1988.0,2022-06-28,33.305,33.19,33.54,33.15,6362
1989,1989.0,2022-06-29,32.89,32.975,33.06,32.77,888
1990,1990.0,2022-06-30,32.795,32.705,32.86,32.575,1638
1991,1991.0,2022-07-01,32.405,32.735,32.905,32.365,4090
1992,1992.0,2022-07-04,32.61,32.725,32.745,32.51,1881
1993,1993.0,2022-07-05,32.78,32.625,32.89,32.53,1795
1994,1994.0,2022-07-06,32.725,32.875,33.115,32.68,1062
1995,1995.0,2022-07-07,33.28,33.87,33.91,33.28,2823
1996,1996.0,2022-07-08,33.75,33.895,33.93,33.6,6788
1997,1997.0,2022-07-11,33.32,33.195,33.44,33.15,1282
1998,1998.0,2022-07-12,33.105,33.205,33.235,32.995,1609
1999,1999.0,2022-07-13,33.19,33.005,33.28,32.78,1863
2000,2000.0,2022-07-14,33.18,32.78,33.22,32.75,626
2001,2001.0,2022-07-15,32.78,32.78,32.825,32.57,1919
2002,2002.0,2022-07-18,33.245,33.145,33.275,33.07,21420
2003,2003.0,2022-07-19,32.965,33.07,33.07,32.72,721
2004,2004.0,2022-07-20,33.09,33.18,33.18,32.95,676
2005,2005.0,2022-07-21,33.12,33.325,33.43,33.1,1507
2006,2006.0,2022-07-22,33.365,33.255,33.555,33.25,47146
2007,2007.0,2022-07-25,33.225,33.2,33.275,33.08,1187
2008,2008.0,2022-07-26,33.41,33.345,33.545,33.305,3118
2009,2009.0,2022-07-27,33.42,33.585,33.61,33.4,1052
2010,2010.0,2022-07-28,33.62,33.67,33.785,33.425,12655
2011,2011.0,2022-07-29,33.27,33.38,33.535,33.27,6568
2012,2012.0,2022-08-01,33.5,33.165,33.56,33.02,6300
2013,2013.0,2022-08-02,32.99,33.235,33.32,32.845,2454
2014,2014.0,2022-08-03,33.245,33.5,33.5,33.18,3513
2015,2015.0,2022-08-04,33.49,33.505,33.735,33.45,3580
2016,2016.0,2022-08-05,33.73,33.685,33.825,33.6,1992
2017,2017.0,2022-08-08,33.715,33.76,33.905,33.6,1722
2018,2018.0,2022-08-09,33.845,33.56,33.845,33.5,1809
2019,2019.0,2022-08-10,33.26,33.54,33.54,33.2,1440
2020,2020.0,2022-08-11,33.75,33.9,34.07,33.665,2613
2021,2021.0,2022-08-12,33.9,34.14,34.14,33.795,1569
2022,2022.0,2022-08-15,34.32,34.37,34.37,34.14,5886
2023,2023.0,2022-08-16,34.375,34.405,34.59,34.3,2016
2024,2024.0,2022-08-17,34.495,34.255,34.495,34.225,453
2025,2025.0,2022-08-18,34.165,34.255,34.29,34.13,2215
2026,2026.0,2022-08-19,34.3,34.015,34.3,34.0,902
2027,2027.0,2022-08-22,34.15,34.145,34.155,33.9,2087
2028,2028.0,2022-08-23,34.18,34.145,34.34,34.01,1416
2029,2029.0,2022-08-24,34.095,34.35,34.4,33.96,2067
2030,2030.0,2022-08-25,34.565,34.755,34.83,34.44,4980
2031,2031.0,2022-08-26,34.815,34.55,35.07,34.5,2233
2032,2032.0,2022-08-29,34.345,34.205,34.345,34.095,1084
2033,2033.0,2022-08-30,34.3,33.73,34.38,33.7,917
2034,2034.0,2022-08-31,34.205,33.805,34.205,33.765,1687
2035,2035.0,2022-09-01,33.645,33.605,33.645,33.38,4941
2036,2036.0,2022-09-02,33.605,33.56,33.63,33.35,4948
2037,2037.0,2022-09-05,33.695,33.61,33.695,33.49,2520
2038,2038.0,2022-09-06,33.565,33.325,33.64,33.3,8250
2039,2039.0,2022-09-07,33.265,33.13,33.28,33.08,663
2040,2040.0,2022-09-08,33.155,33.185,33.185,32.9,920
2041,2041.0,2022-09-09,33.255,33.405,33.455,33.2,3043
2042,2042.0,2022-09-12,33.235,33.65,33.68,33.1,2724
2043,2043.0,2022-09-13,33.6,33.27,33.6,33.24,3516
2044,2044.0,2022-09-14,33.5,33.175,33.5,33.11,1486
2045,2045.0,2022-09-15,33.335,32.95,33.35,32.85,1831
2046,2046.0,2022-09-16,32.68,32.405,32.7,32.4,1847
2047,2047.0,2022-09-19,32.37,32.405,32.465,32.22,4941
2048,2048.0,2022-09-20,32.69,32.57,32.715,32.505,994
2049,2049.0,2022-09-21,32.57,32.555,32.57,32.41,847
2050,2050.0,2022-09-22,32.22,32.245,32.38,32.19,811
2051,2051.0,2022-09-23,32.21,31.89,32.21,31.84,1255
2052,2052.0,2022-09-26,31.915,31.91,32.0,31.76,2081
2053,2053.0,2022-09-27,31.96,31.92,32.135,31.92,2341
2054,2054.0,2022-09-28,31.64,31.665,31.745,31.37,4063
2055,2055.0,2022-09-29,31.155,30.715,31.22,30.7,3580
2056,2056.0,2022-09-30,30.755,30.88,30.905,30.69,25192
2057,2057.0,2022-10-03,30.65,30.945,31.03,30.53,6271
2058,2058.0,2022-10-04,31.315,31.615,31.63,31.315,1168
2059,2059.0,2022-10-05,31.77,31.715,31.81,31.63,1398
2060,2060.0,2022-10-06,31.855,31.925,32.055,31.705,995
2061,2061.0,2022-10-07,31.805,31.47,31.815,31.47,1895
2062,2062.0,2022-10-10,31.235,31.155,31.39,31.07,3626
2063,2063.0,2022-10-11,30.815,30.72,30.815,30.535,3862
2064,2064.0,2022-10-12,30.87,30.61,30.885,30.6,4637
2065,2065.0,2022-10-13,30.465,30.435,30.52,29.95,1761
2066,2066.0,2022-10-14,30.72,30.39,30.85,30.375,3948
2067,2067.0,2022-10-17,30.555,30.76,30.82,30.465,416
2068,2068.0,2022-10-18,30.735,30.52,30.925,30.52,2792
2069,2069.0,2022-10-19,30.51,30.345,30.53,30.345,514
2070,2070.0,2022-10-20,30.295,30.68,30.78,30.235,1127
2071,2071.0,2022-10-21,30.485,30.6,30.6,30.35,1474
2072,2072.0,2022-10-24,29.83,29.405,29.9,29.165,5670
2073,2073.0,2022-10-25,29.555,29.485,29.575,29.36,4135
2074,2074.0,2022-10-26,29.49,29.795,29.865,29.41,5779
2075,2075.0,2022-10-27,29.48,29.845,29.85,29.4,1773
2076,2076.0,2022-10-28,29.17,29.41,29.47,29.15,2553
2077,2077.0,2022-10-31,29.345,29.635,29.74,29.115,17473
2078,2078.0,2022-11-01,30.15,30.36,30.365,30.09,4287
2079,2079.0,2022-11-02,30.535,30.305,30.635,30.235,1728
2080,2080.0,2022-11-03,30.305,30.595,30.595,30.19,1989
2081,2081.0,2022-11-04,31.155,31.145,31.38,31.085,12917
2082,2082.0,2022-11-07,31.16,31.105,31.33,31.08,4139
2083,2083.0,2022-11-08,31.08,31.165,31.195,31.02,1183
2084,2084.0,2022-11-09,31.1,30.92,31.11,30.92,843
2085,2085.0,2022-11-10,30.65,31.24,31.275,30.6,2345
2086,2086.0,2022-11-11,31.645,31.52,31.705,31.515,1721
2087,2087.0,2022-11-14,31.51,31.575,31.69,31.44,1495
2088,2088.0,2022-11-15,32.045,32.285,32.285,31.92,6341
2089,2089.0,2022-11-16,31.895,31.51,32.0,31.51,3183
2090,2090.0,2022-11-17,31.55,31.585,31.605,31.15,5333
2091,2091.0,2022-11-18,31.39,31.49,31.61,31.345,1708
2092,2092.0,2022-11-21,31.39,31.315,31.44,31.235,7588
2093,2093.0,2022-11-22,31.24,31.315,31.39,31.2,3540
2094,2094.0,2022-11-23,31.24,31.3,31.35,31.22,1694
2095,2095.0,2022-11-24,31.38,31.515,31.57,31.34,1354
2096,2096.0,2022-11-25,31.36,31.19,31.39,31.17,3667
2097,2097.0,2022-11-28,31.04,31.15,31.15,30.67,26284
2098,2098.0,2022-11-29,31.675,31.68,31.8,31.55,2425
2099,2099.0,2022-11-30,32.185,32.5,32.545,32.095,2889
2100,2100.0,2022-12-01,32.43,32.065,32.505,31.955,2588
2101,2101.0,2022-12-02,31.9,32.165,32.485,31.71,5241
2102,2102.0,2022-12-05,32.34,31.89,32.34,31.82,1908
2103,2103.0,2022-12-06,31.88,31.885,31.975,31.765,1438
2104,2104.0,2022-12-07,31.695,31.555,31.72,31.385,1582
2105,2105.0,2022-12-08,31.87,31.82,31.985,31.765,2452
2106,2106.0,2022-12-09,32.115,31.98,32.115,31.95,1385
2107,2107.0,2022-12-12,31.67,31.495,31.715,31.335,6372
2108,2108.0,2022-12-13,31.55,31.7,32.0,31.445,2617
2109,2109.0,2022-12-14,31.695,31.575,31.695,31.46,1407
2110,2110.0,2022-12-15,31.165,30.88,31.225,30.87,7917
2111,2111.0,2022-12-16,31.02,31.095,31.095,30.8,18394
2112,2112.0,2022-12-19,31.02,31.045,31.26,31.0,5698
2113,2113.0,2022-12-20,30.81,30.95,31.0,30.74,2537
2114,2114.0,2022-12-21,30.93,31.15,31.205,30.855,7232
2115,2115.0,2022-12-22,31.255,31.04,31.36,31.01,5136
2116,2116.0,2022-12-23,31.015,30.94,31.065,30.85,1463
2117,2117.0,2022-12-27,31.26,31.25,31.455,31.14,3381
2118,2118.0,2022-12-28,31.25,30.985,31.28,30.91,1904
2119,2119.0,2022-12-29,31.06,31.33,31.38,31.02,2349
2120,2120.0,2022-12-30,31.17,30.84,31.17,30.84,1783
2121,2121.0,2023-01-02,31.155,31.085,31.9,30.94,2500
2122,2122.0,2023-01-03,31.44,31.565,31.705,31.44,1407
2123,2123.0,2023-01-04,31.82,31.99,31.99,31.71,5862
2124,2124.0,2023-01-05,31.98,32.29,32.41,31.95,5309
2125,2125.0,2023-01-06,32.395,32.56,32.645,32.35,1291
2126,2126.0,2023-01-09,32.78,32.91,32.935,32.74,1810
2127,2127.0,2023-01-10,32.65,32.74,32.74,32.59,2771
2128,2128.0,2023-01-11,32.745,32.83,32.845,32.645,3663
2129,2129.0,2023-01-12,32.695,32.855,32.98,32.695,5192
2130,2130.0,2023-01-13,32.94,33.075,33.145,32.88,2421
2131,2131.0,2023-01-16,33.095,32.975,33.095,32.885,4617
2132,2132.0,2023-01-17,32.925,33.04,33.07,32.82,1894
2133,2133.0,2023-01-18,33.12,33.0,33.205,32.96,2852
2134,2134.0,2023-01-19,33.01,33.09,33.17,32.785,29693
2135,2135.0,2023-01-20,33.585,33.4,33.615,33.23,2473
2136,2136.0,2023-01-23,33.395,33.77,33.83,33.37,1129
2137,2137.0,2023-01-24,33.66,33.585,33.7,33.49,6232
2138,2138.0,2023-01-25,33.64,33.525,33.64,33.23,10848
2139,2139.0,2023-01-26,33.75,33.925,33.95,33.74,4239
2140,2140.0,2023-01-27,33.92,33.88,33.985,33.82,1361
2141,2141.0,2023-01-30,33.225,33.425,33.425,33.07,4213
2142,2142.0,2023-01-31,33.085,33.145,33.15,32.92,18816
2143,2143.0,2023-02-01,33.39,33.155,33.39,33.1,6961
2144,2144.0,2023-02-02,33.065,33.225,33.35,32.98,5261
2145,2145.0,2023-02-03,33.11,33.105,33.24,33.01,6081
2146,2146.0,2023-02-06,32.65,32.7,32.745,32.51,4877
2147,2147.0,2023-02-07,32.86,32.78,32.945,32.73,4468
2148,2148.0,2023-02-08,32.925,32.695,32.94,32.68,7757
2149,2149.0,2023-02-09,33.175,33.025,33.2,32.99,6876
2150,2150.0,2023-02-10,32.725,32.87,32.895,32.68,7677
2151,2151.0,2023-02-13,32.865,32.955,32.965,32.83,6273
2152,2152.0,2023-02-14,32.835,32.81,32.895,32.64,1651
2153,2153.0,2023-02-15,32.405,32.57,32.6,32.37,13774
2154,2154.0,2023-02-16,32.83,32.705,32.83,32.57,3229
2155,2155.0,2023-02-17,32.565,32.37,32.58,32.37,2434
2156,2156.0,2023-02-20,32.65,32.625,32.65,32.545,1478
2157,2157.0,2023-02-21,32.45,32.14,32.45,32.14,1842
2158,2158.0,2023-02-22,31.97,32.015,32.09,31.885,2911
2159,2159.0,2023-02-23,32.305,32.135,32.45,32.135,2083
2160,2160.0,2023-02-24,31.93,31.6,31.93,31.58,3979
2161,2161.0,2023-02-27,31.755,31.65,31.82,31.62,4870
2162,2162.0,2023-02-28,31.44,31.545,31.59,31.37,9792
2163,2163.0,2023-03-01,32.11,31.91,32.165,31.89,9849
2164,2164.0,2023-03-02,31.95,32.2,32.2,31.91,3862
2165,2165.0,2023-03-03,32.26,32.44,32.455,32.26,4197
2166,2166.0,2023-03-06,32.44,32.385,32.44,32.265,1791
2167,2167.0,2023-03-07,32.285,32.12,32.32,32.025,14637
2168,2168.0,2023-03-08,31.97,32.13,32.17,31.935,1649
2169,2169.0,2023-03-09,31.85,31.66,31.85,31.66,4867
2170,2170.0,2023-03-10,31.175,31.25,31.345,31.02,7916
2171,2171.0,2023-03-13,31.245,30.89,31.245,30.725,1843
2172,2172.0,2023-03-14,30.7,30.9,30.95,30.6,49307
2173,2173.0,2023-03-15,30.79,30.625,30.87,30.535,5676
2174,2174.0,2023-03-16,30.795,30.995,30.995,30.65,1141
2175,2175.0,2023-03-17,31.14,30.82,31.26,30.8,3198
2176,2176.0,2023-03-20,30.855,30.67,30.855,30.52,718
2177,2177.0,2023-03-21,30.875,30.79,30.975,30.755,1731
2178,2178.0,2023-03-22,31.05,31.09,31.15,30.99,16528
2179,2179.0,2023-03-23,31.195,31.39,31.465,31.195,1718
2180,2180.0,2023-03-24,31.33,31.3,31.36,31.16,1516
2181,2181.0,2023-03-27,31.54,31.04,31.54,31.03,18981
2182,2182.0,2023-03-28,31.32,31.395,31.4,31.15,836
2183,2183.0,2023-03-29,31.495,31.555,31.555,31.4,6190
2184,2184.0,2023-03-30,31.64,31.595,31.665,31.51,804
2185,2185.0,2023-03-31,31.64,31.78,31.815,31.64,3039
2186,2186.0,2023-04-03,31.745,31.625,31.76,31.585,4791
2187,2187.0,2023-04-04,31.585,31.43,31.655,31.42,6691
2188,2188.0,2023-04-05,31.615,31.335,31.615,31.3,4935
2189,2189.0,2023-04-06,31.43,31.445,31.46,31.33,2096
2190,2190.0,2023-04-11,31.73,31.835,31.835,31.68,3287
2191,2191.0,2023-04-12,31.575,31.405,31.71,31.4,2954
2192,2192.0,2023-04-13,31.56,31.555,31.565,31.49,6390
2193,2193.0,2023-04-14,31.55,31.475,31.61,31.43,3823
2194,2194.0,2023-04-17,31.88,31.855,31.905,31.82,3036
2195,2195.0,2023-04-18,31.84,31.795,31.94,31.74,1360
2196,2196.0,2023-04-19,31.575,31.42,31.575,31.345,2419
2197,2197.0,2023-04-20,31.425,31.455,31.505,31.305,2615
2198,2198.0,2023-04-21,31.2,30.99,31.2,30.99,3612
2199,2199.0,2023-04-24,30.905,30.8,30.96,30.79,7760
2200,2200.0,2023-04-25,30.505,30.5,30.53,30.44,2377
2201,2201.0,2023-04-26,30.64,30.52,30.64,30.395,5785
2202,2202.0,2023-04-27,30.545,30.77,30.78,30.545,3824
2203,2203.0,2023-04-28,30.88,30.975,31.05,30.85,1466
2204,2204.0,2023-05-02,31.13,30.65,31.13,30.645,8695
2205,2205.0,2023-05-03,30.645,30.59,30.645,30.55,5219
2206,2206.0,2023-05-04,30.69,30.85,30.93,30.69,4051
2207,2207.0,2023-05-05,31.015,31.14,31.17,30.995,10147
2208,2208.0,2023-05-08,31.235,31.245,31.35,31.23,1154
2209,2209.0,2023-05-09,31.135,31.18,31.215,31.095,9535
2210,2210.0,2023-05-10,31.125,31.135,31.215,31.025,2402
2211,2211.0,2023-05-11,31.17,31.08,31.22,31.02,1556
2212,2212.0,2023-05-12,31.07,31.03,31.125,31.0,1950
2213,2213.0,2023-05-15,31.39,31.48,31.48,31.24,2339
2214,2214.0,2023-05-16,31.465,31.38,31.465,31.3,796
2215,2215.0,2023-05-17,31.415,31.51,31.535,31.32,1815
2216,2216.0,2023-05-18,31.625,31.63,31.72,31.45,1559
2217,2217.0,2023-05-19,31.64,31.58,31.68,31.565,6843
2218,2218.0,2023-05-22,31.74,31.865,31.92,31.735,994
2219,2219.0,2023-05-23,31.69,31.65,31.69,31.585,2572
2220,2220.0,2023-05-24,31.445,31.22,31.445,31.22,2056
2221,2221.0,2023-05-25,31.41,31.32,31.47,31.3,435
2222,2222.0,2023-05-26,31.46,31.84,31.855,31.42,2649
2223,2223.0,2023-05-29,31.745,31.665,31.745,31.62,1812
2224,2224.0,2023-05-30,31.78,31.48,31.845,31.48,3840
2225,2225.0,2023-05-31,31.35,31.19,31.44,31.185,2163
2226,2226.0,2023-06-01,31.32,31.53,31.53,31.21,1149
2227,2227.0,2023-06-02,31.825,32.26,32.315,31.825,16403
2228,2228.0,2023-06-05,32.18,32.19,32.27,32.115,2477
2229,2229.0,2023-06-06,32.2,32.5,32.5,32.17,832
2230,2230.0,2023-06-07,32.495,32.56,32.6,32.485,3339
2231,2231.0,2023-06-08,32.41,32.39,32.44,32.3,1650
2232,2232.0,2023-06-09,32.58,32.715,32.745,32.5,1623
2233,2233.0,2023-06-12,32.695,32.725,32.725,32.635,2081
2234,2234.0,2023-06-13,32.83,32.95,32.98,32.765,1520
2235,2235.0,2023-06-14,32.79,32.975,32.975,32.79,11086
2236,2236.0,2023-06-15,33.04,32.975,33.185,32.91,10443
2237,2237.0,2023-06-16,33.02,32.94,33.12,32.875,3150
2238,2238.0,2023-06-19,32.77,32.82,32.87,32.7,4579
2239,2239.0,2023-06-20,32.59,32.35,32.615,32.35,3476
2240,2240.0,2023-06-21,32.19,32.01,32.235,32.01,4969
2241,2241.0,2023-06-22,31.945,31.935,31.945,31.8,2712
2242,2242.0,2023-06-23,31.735,31.69,31.93,31.635,3760
2243,2243.0,2023-06-26,31.835,31.77,31.89,31.75,2597
2244,2244.0,2023-06-27,31.98,31.885,31.985,31.835,2295
2245,2245.0,2023-06-28,31.845,31.83,31.85,31.685,20229
2246,2246.0,2023-06-29,31.75,31.785,31.83,31.69,1455
2247,2247.0,2023-06-30,31.945,32.0,32.05,31.945,7466
2248,2248.0,2023-07-03,32.415,32.35,32.475,32.33,3835
2249,2249.0,2023-07-04,32.585,32.55,32.6,32.515,7453
2250,2250.0,2023-07-05,32.305,32.27,32.315,32.2,3633
2251,2251.0,2023-07-06,31.995,31.52,32.01,31.52,7381
2252,2252.0,2023-07-07,31.515,31.73,31.76,31.515,2964
2253,2253.0,2023-07-10,31.54,31.61,31.63,31.495,4326
2254,2254.0,2023-07-11,31.745,31.82,31.93,31.745,22463
2255,2255.0,2023-07-12,31.925,32.24,32.24,31.925,651
2256,2256.0,2023-07-13,32.295,32.37,32.37,32.24,449
2257,2257.0,2023-07-14,32.345,32.265,32.365,32.18,1319
2258,2258.0,2023-07-17,32.115,32.125,32.21,32.0,2971
2259,2259.0,2023-07-18,32.0,32.075,32.085,31.995,1648
2260,2260.0,2023-07-19,32.05,32.15,32.22,31.935,3712
2261,2261.0,2023-07-20,31.945,31.995,32.025,31.925,1553
2262,2262.0,2023-07-21,32.055,32.055,32.115,32.03,3207
2263,2263.0,2023-07-24,31.985,32.59,32.59,31.985,8209
2264,2264.0,2023-07-25,32.85,32.915,33.12,32.84,9522
2265,2265.0,2023-07-26,32.85,32.92,32.95,32.7,1121
2266,2266.0,2023-07-27,32.995,33.11,33.2,32.91,2345
2267,2267.0,2023-07-28,33.355,33.54,33.58,33.355,2695
2268,2268.0,2023-07-31,33.545,33.545,33.58,33.41,7000
2269,2269.0,2023-08-01,33.56,33.35,33.595,33.33,6817
2270,2270.0,2023-08-02,32.775,32.655,32.91,32.62,2503
2271,2271.0,2023-08-03,32.75,32.775,32.81,32.585,2627
2272,2272.0,2023-08-04,32.72,32.62,32.775,32.58,1682
2273,2273.0,2023-08-07,32.715,32.4,32.715,32.38,9173
2274,2274.0,2023-08-08,32.215,32.14,32.295,32.045,11595
2275,2275.0,2023-08-09,32.385,32.12,32.44,32.12,1796
2276,2276.0,2023-08-10,32.285,32.43,32.51,32.245,2944
2277,2277.0,2023-08-11,32.105,31.86,32.105,31.86,20595
2278,2278.0,2023-08-14,31.835,31.77,31.9,31.72,5148
2279,2279.0,2023-08-15,31.74,31.5,31.79,31.41,29837
2280,2280.0,2023-08-16,31.485,31.44,31.52,31.32,6493
2281,2281.0,2023-08-17,31.675,31.475,31.695,31.455,2099
2282,2282.0,2023-08-18,31.34,31.2,31.34,31.05,4621
2283,2283.0,2023-08-21,31.15,31.11,31.26,31.075,3612
2284,2284.0,2023-08-22,31.205,31.315,31.435,31.205,64525
2285,2285.0,2023-08-23,31.505,31.775,31.775,31.48,597
2286,2286.0,2023-08-24,32.08,31.75,32.105,31.75,1851
2287,2287.0,2023-08-25,31.825,31.745,31.87,31.66,6682
2288,2288.0,2023-08-28,31.92,32.115,32.115,31.9,10172
2289,2289.0,2023-08-29,32.19,32.375,32.375,32.17,5409
2290,2290.0,2023-08-30,32.16,32.04,32.16,31.975,3146
2291,2291.0,2023-08-31,31.88,31.96,32.08,31.875,1835
2292,2292.0,2023-09-01,32.065,32.42,32.5,32.06,13957
2293,2293.0,2023-09-04,32.66,32.55,32.66,32.55,2093
2294,2294.0,2023-09-05,32.34,32.465,32.465,32.27,3789
2295,2295.0,2023-09-06,32.31,32.265,32.465,32.2,4145
2296,2296.0,2023-09-07,32.08,31.93,32.11,31.89,3118
2297,2297.0,2023-09-08,31.9,31.97,32.015,31.9,979
2298,2298.0,2023-09-11,32.16,32.14,32.27,32.125,1176
2299,2299.0,2023-09-12,32.175,32.19,32.265,32.13,5395
2300,2300.0,2023-09-13,32.09,32.23,32.23,32.03,1790
2301,2301.0,2023-09-14,32.285,32.625,32.625,32.28,3919
2302,2302.0,2023-09-15,32.745,32.46,32.785,32.45,4614
2303,2303.0,2023-09-18,32.5,32.31,32.5,32.24,7941
2304,2304.0,2023-09-19,32.3,32.13,32.3,32.105,2101
2305,2305.0,2023-09-20,32.14,32.22,32.24,32.05,1056
2306,2306.0,2023-09-21,31.86,31.6,31.86,31.585,3336
2307,2307.0,2023-09-22,31.945,32.0,32.13,31.94,1584
2308,2308.0,2023-09-25,31.81,31.98,31.98,31.75,11480
2309,2309.0,2023-09-26,31.725,31.65,31.725,31.605,6971
2310,2310.0,2023-09-27,31.745,31.785,31.875,31.72,4155
2311,2311.0,2023-09-28,31.775,31.655,31.775,31.55,5729
2312,2312.0,2023-09-29,32.04,31.83,32.04,31.825,53510
2313,2313.0,2023-10-02,31.84,31.805,31.935,31.735,6526
2314,2314.0,2023-10-03,31.695,31.525,31.7,31.51,2023
2315,2315.0,2023-10-04,31.245,31.245,31.4,31.19,3739
2316,2316.0,2023-10-05,31.3,31.14,31.31,31.1,1911
2317,2317.0,2023-10-06,31.355,31.5,31.5,31.3,5530
2318,2318.0,2023-10-09,31.415,31.375,31.48,31.295,2280
2319,2319.0,2023-10-10,31.55,31.875,31.88,31.545,3683
2320,2320.0,2023-10-11,31.97,32.025,32.055,31.91,576
2321,2321.0,2023-10-12,32.18,31.995,32.245,31.99,1007
2322,2322.0,2023-10-13,31.945,31.93,32.035,31.81,16397
2323,2323.0,2023-10-16,31.755,32.0,32.0,31.69,3055
2324,2324.0,2023-10-17,31.97,31.845,31.97,31.735,3032
2325,2325.0,2023-10-18,31.68,31.475,31.69,31.475,694
2326,2326.0,2023-10-19,31.325,31.275,31.325,31.18,68134
2327,2327.0,2023-10-20,31.0,30.775,31.0,30.775,3855
2328,2328.0,2023-10-23,30.635,30.57,30.715,30.385,5457
2329,2329.0,2023-10-24,30.54,31.12,31.13,30.5,3649
2330,2330.0,2023-10-25,30.835,30.875,30.92,30.725,4193
2331,2331.0,2023-10-26,30.495,30.7,30.715,30.49,4302
2332,2332.0,2023-10-27,30.88,30.64,30.96,30.64,3420
2333,2333.0,2023-10-30,31.005,30.725,31.075,30.7,1587
2334,2334.0,2023-10-31,30.495,30.5,30.525,30.445,1962
2335,2335.0,2023-11-01,30.625,30.9,30.95,30.615,1400
2336,2336.0,2023-11-02,31.125,31.34,31.365,31.125,2394
2337,2337.0,2023-11-03,31.555,31.685,31.71,31.44,18196
2338,2338.0,2023-11-06,32.06,31.96,32.105,31.96,11817
2339,2339.0,2023-11-07,31.78,31.92,31.97,31.78,1640
2340,2340.0,2023-11-08,31.765,31.725,31.855,31.69,19893
2341,2341.0,2023-11-09,31.665,31.66,31.72,31.625,2107
2342,2342.0,2023-11-10,31.43,31.575,31.575,31.37,1543
2343,2343.0,2023-11-13,31.61,31.7,31.7,31.575,1766
2344,2344.0,2023-11-14,31.59,31.945,31.95,31.57,1890
2345,2345.0,2023-11-15,32.08,32.38,32.405,32.08,9098
2346,2346.0,2023-11-16,32.09,31.85,32.165,31.85,1916
2347,2347.0,2023-11-17,31.865,31.91,31.995,31.86,7950
2348,2348.0,2023-11-20,31.92,32.095,32.11,31.9,2067
2349,2349.0,2023-11-21,32.08,31.94,32.08,31.88,3395
2350,2350.0,2023-11-22,31.9,32.045,32.055,31.9,1727
2351,2351.0,2023-11-23,32.115,32.1,32.19,32.09,1355
2352,2352.0,2023-11-24,31.84,31.88,31.88,31.78,6626
2353,2353.0,2023-11-27,31.715,31.7,31.795,31.66,3926
2354,2354.0,2023-11-28,31.815,31.85,31.88,31.76,3615
2355,2355.0,2023-11-29,31.77,31.775,31.875,31.735,910
2356,2356.0,2023-11-30,31.88,32.0,32.01,31.83,3513
2357,2357.0,2023-12-01,31.89,32.105,32.115,31.85,9346
2358,2358.0,2023-12-04,32.03,32.025,32.105,31.98,9209
2359,2359.0,2023-12-05,31.79,31.88,31.88,31.715,7578
2360,2360.0,2023-12-06,32.045,32.065,32.145,32.01,1905
2361,2361.0,2023-12-07,31.97,32.01,32.055,31.915,2149
2362,2362.0,2023-12-08,32.01,32.005,32.105,31.97,4373
2363,2363.0,2023-12-11,32.055,32.21,32.24,31.955,8246
2364,2364.0,2023-12-12,32.24,32.06,32.24,32.0,2160
2365,2365.0,2023-12-13,31.95,31.905,31.985,31.88,2871
2366,2366.0,2023-12-14,32.235,32.345,32.35,32.18,2583
2367,2367.0,2023-12-15,32.4,32.56,32.58,32.365,3504
2368,2368.0,2023-12-18,32.395,32.23,32.45,32.215,3864
2369,2369.0,2023-12-19,32.3,32.495,32.51,32.295,20012
2370,2370.0,2023-12-20,32.495,32.28,32.5,32.27,3054
2371,2371.0,2023-12-21,32.34,32.375,32.375,32.225,1229
2372,2372.0,2023-12-22,32.08,32.235,32.235,31.995,2584
2373,2373.0,2023-12-27,32.75,32.345,32.75,32.325,7946
2374,2374.0,2023-12-28,32.82,32.855,32.855,32.7,3926
2375,2375.0,2023-12-29,32.8,32.8,32.86,32.7,3773
2376,2376.0,2024-01-02,32.8,32.78,32.825,32.68,8274
2377,2377.0,2024-01-03,32.6,32.625,32.65,32.43,10783
2378,2378.0,2024-01-04,32.65,32.55,32.665,32.465,2895
2379,2379.0,2024-01-05,32.475,32.55,32.585,32.42,4701
2380,2380.0,2024-01-08,32.32,32.415,32.415,32.185,14477
2381,2381.0,2024-01-09,32.29,32.19,32.29,32.075,2693
2382,2382.0,2024-01-10,32.045,31.97,32.165,31.965,5679
2383,2383.0,2024-01-11,32.235,31.99,32.245,31.99,8615
2384,2384.0,2024-01-12,32.17,32.35,32.46,32.15,6745
2385,2385.0,2024-01-15,32.275,32.155,32.3,32.155,3912
2386,2386.0,2024-01-16,31.905,31.915,32.015,31.89,2336
2387,2387.0,2024-01-17,31.355,31.26,31.355,31.195,9402
2388,2388.0,2024-01-18,31.435,31.545,31.635,31.435,4312
2389,2389.0,2024-01-19,31.71,31.585,31.78,31.575,2225
2390,2390.0,2024-01-22,31.53,31.59,31.62,31.46,10137
2391,2391.0,2024-01-23,31.615,31.865,31.95,31.55,7190
2392,2392.0,2024-01-24,32.05,32.32,32.33,32.05,5890
2393,2393.0,2024-01-25,32.285,32.4,32.43,32.195,5537
2394,2394.0,2024-01-26,32.23,32.355,32.405,32.19,2484
2395,2395.0,2024-01-29,32.52,32.41,32.615,32.395,11896
2396,2396.0,2024-01-30,32.23,32.085,32.285,32.01,4289
2397,2397.0,2024-01-31,32.02,32.14,32.19,31.94,5707
2398,2398.0,2024-02-01,32.21,32.165,32.345,32.135,21096
2399,2399.0,2024-02-02,32.38,32.26,32.405,32.21,4975
2400,2400.0,2024-02-05,32.415,32.465,32.505,32.4,3286
2401,2401.0,2024-02-06,33.04,33.245,33.245,32.99,6149
2402,2402.0,2024-02-07,33.155,33.16,33.31,33.075,4074
2403,2403.0,2024-02-08,33.17,33.075,33.175,33.0,30057
2404,2404.0,2024-02-09,33.05,33.03,33.15,32.89,2694
2405,2405.0,2024-02-12,33.095,33.565,33.65,33.095,5204
2406,2406.0,2024-02-13,33.5,33.005,33.51,33.005,5649
2407,2407.0,2024-02-14,33.19,33.37,33.39,33.185,3744
2408,2408.0,2024-02-15,33.405,33.365,33.435,33.335,816
2409,2409.0,2024-02-16,33.605,33.6,33.68,33.6,30392
2410,2410.0,2024-02-19,33.48,33.555,33.595,33.48,8974
2411,2411.0,2024-02-20,33.555,33.42,33.555,33.42,4857
2412,2412.0,2024-02-21,33.57,33.52,33.605,33.5,3704
2413,2413.0,2024-02-22,33.715,33.755,33.88,33.715,3375
2414,2414.0,2024-02-23,33.825,33.795,33.84,33.735,2917
2415,2415.0,2024-02-26,33.58,33.56,33.65,33.56,3418
2416,2416.0,2024-02-27,33.64,33.68,33.745,33.6,3654
2417,2417.0,2024-02-28,33.545,33.26,33.545,33.24,8390
2418,2418.0,2024-02-29,33.41,33.37,33.44,33.26,3907
2419,2419.0,2024-03-01,33.565,33.73,33.75,33.51,9397
2420,2420.0,2024-03-04,33.78,33.63,33.8,33.59,3865
2421,2421.0,2024-03-05,33.4,33.31,33.465,33.31,44372
2422,2422.0,2024-03-06,33.56,33.73,33.76,33.545,5863
2423,2423.0,2024-03-07,33.6,33.725,33.77,33.545,6993
2424,2424.0,2024-03-08,33.835,33.78,33.935,33.78,3238
2425,2425.0,2024-03-11,33.82,33.915,33.95,33.795,6675
2426,2426.0,2024-03-12,34.19,34.235,34.26,34.1,1631
2427,2427.0,2024-03-13,34.12,34.01,34.12,34.0,2958
2428,2428.0,2024-03-14,34.17,34.1,34.225,34.01,5581
2429,2429.0,2024-03-15,33.885,33.85,33.965,33.85,3830
2430,2430.0,2024-03-18,34.025,33.94,34.035,33.92,12739
2431,2431.0,2024-03-19,33.81,33.77,33.82,33.62,58021
2432,2432.0,2024-03-20,33.71,33.87,33.95,33.71,14749
2433,2433.0,2024-03-21,34.28,34.29,34.34,34.23,15184
2434,2434.0,2024-03-22,34.135,34.155,34.285,34.09,4556
2435,2435.0,2024-03-25,34.155,34.095,34.19,34.02,9882
2436,2436.0,2024-03-26,34.245,34.14,34.245,34.04,3282
2437,2437.0,2024-03-27,34.045,34.045,34.125,34.045,11664
2438,2438.0,2024-03-28,34.325,34.335,34.425,34.24,2445
2439,2439.0,2024-04-02,34.8,34.65,34.905,34.645,5511
2440,2440.0,2024-04-03,34.5,34.455,34.5,34.37,9004
2441,2441.0,2024-04-04,34.48,34.675,34.685,34.46,2156
2442,2442.0,2024-04-05,34.31,34.345,34.395,34.26,3049
2443,2443.0,2024-04-08,34.425,34.6,34.645,34.41,3925
2444,2444.0,2024-04-09,34.685,34.71,34.78,34.645,8955
2445,2445.0,2024-04-10,34.95,34.605,35.0,34.6,9752
2446,2446.0,2024-04-11,34.97,34.805,34.97,34.79,11283
2447,2447.0,2024-04-12,34.89,34.505,34.9,34.48,4682
2448,2448.0,2024-04-15,34.59,34.485,34.655,34.44,54205
2449,2449.0,2024-04-16,33.985,33.82,33.995,33.7,11708
2450,2450.0,2024-04-17,33.91,33.76,33.945,33.76,12934
2451,2451.0,2024-04-18,34.105,33.95,34.13,33.82,5958
2452,2452.0,2024-04-19,33.52,33.705,33.745,33.45,13365
2453,2453.0,2024-04-22,33.9,33.91,33.955,33.8,2244
2454,2454.0,2024-04-23,34.175,34.14,34.18,34.055,6827
2455,2455.0,2024-04-24,34.6,34.35,34.6,34.345,1870
2456,2456.0,2024-04-25,34.29,34.22,34.355,34.09,1851
2457,2457.0,2024-04-26,34.625,34.765,34.835,34.56,3148
2458,2458.0,2024-04-29,34.99,35.02,35.07,34.96,7934
2459,2459.0,2024-04-30,35.11,34.87,35.11,34.86,3527
2460,2460.0,2024-05-02,35.15,35.355,35.365,35.125,7702
2461,2461.0,2024-05-03,35.5,35.53,35.58,35.32,27813
2462,2462.0,2024-05-06,35.6,35.645,35.695,35.565,23094
2463,2463.0,2024-05-07,35.53,35.505,35.535,35.42,5807
2464,2464.0,2024-05-08,35.5,35.46,35.54,35.315,5309
2465,2465.0,2024-05-09,35.555,35.47,35.555,35.4,2903
2466,2466.0,2024-05-10,35.705,35.645,35.81,35.645,12027
2467,2467.0,2024-05-13,35.77,35.875,35.91,35.715,4255
2468,2468.0,2024-05-14,35.9,35.925,35.955,35.785,4197
2469,2469.0,2024-05-15,35.995,36.12,36.145,35.94,6385
2470,2470.0,2024-05-16,36.13,36.29,36.35,36.085,9877
2471,2471.0,2024-05-17,36.265,36.42,36.48,36.235,12074
2472,2472.0,2024-05-20,36.28,36.35,36.37,36.22,4278
2473,2473.0,2024-05-21,36.065,36.125,36.175,36.03,5388
2474,2474.0,2024-05-22,36.17,36.125,36.295,36.105,6742
2475,2475.0,2024-05-23,36.17,35.98,36.225,35.95,3841
2476,2476.0,2024-05-24,35.865,35.865,35.935,35.8,4137
2477,2477.0,2024-05-27,36.07,36.01,36.07,35.94,5250
2478,2478.0,2024-05-28,35.945,35.775,35.945,35.775,6034
2479,2479.0,2024-05-29,35.505,35.35,35.545,35.32,22204
2480,2480.0,2024-05-30,35.135,35.175,35.2,35.085,10475
2481,2481.0,2024-05-31,34.86,34.6,34.86,34.6,14642
2482,2482.0,2024-06-03,35.4,35.07,35.45,35.055,7481
2483,2483.0,2024-06-04,34.5,34.5,34.69,34.48,6496
2484,2484.0,2024-06-05,34.855,35.23,35.23,34.825,12979
2485,2485.0,2024-06-06,35.345,35.4,35.46,35.285,4159
2486,2486.0,2024-06-07,35.425,35.43,35.5,35.355,3238
2487,2487.0,2024-06-10,35.49,35.715,35.715,35.465,8375
2488,2488.0,2024-06-11,35.585,35.52,35.655,35.485,1728
2489,2489.0,2024-06-12,35.69,35.71,35.8,35.61,2727
2490,2490.0,2024-06-13,35.81,35.785,35.9,35.73,998
2491,2491.0,2024-06-14,36.03,36.04,36.135,35.95,9040
2492,2492.0,2024-06-17,36.16,36.075,36.18,36.04,6257
2493,2493.0,2024-06-18,36.225,36.45,36.465,36.205,4118
2494,2494.0,2024-06-19,36.74,36.705,36.82,36.67,6992
2495,2495.0,2024-06-20,36.77,36.57,36.815,36.515,7542
2496,2496.0,2024-06-21,36.57,36.49,36.635,36.49,1801
2497,2497.0,2024-06-24,36.345,36.475,36.525,36.27,2336
2498,2498.0,2024-06-25,36.295,36.245,36.38,36.245,2849
2499,2499.0,2024-06-26,36.52,36.29,36.57,36.275,1929
2500,2500.0,2024-06-27,36.31,36.305,36.4,36.29,40435
2501,2501.0,2024-06-28,36.495,36.47,36.65,36.46,3714
2502,2502.0,2024-07-01,36.365,36.42,36.46,36.285,3773
2503,2503.0,2024-07-02,36.245,36.32,36.34,36.195,13670
2504,2504.0,2024-07-03,36.435,36.71,36.74,36.435,9042
2505,2505.0,2024-07-04,36.865,36.83,36.94,36.81,12248
2506,2506.0,2024-07-05,36.89,36.705,36.89,36.655,4770
2507,2507.0,2024-07-08,36.84,36.9,36.935,36.825,3644
2508,2508.0,2024-07-09,36.955,36.98,37.05,36.93,4548
2509,2509.0,2024-07-10,36.98,37.15,37.19,36.98,4938
2510,2510.0,2024-07-11,37.395,37.305,37.45,37.305,8659
2511,2511.0,2024-07-12,37.3,37.375,37.46,37.26,6871
2512,2512.0,2024-07-15,37.19,37.06,37.19,37.0,7047
2513,2513.0,2024-07-16,37.025,37.145,37.145,36.975,4915
2514,2514.0,2024-07-17,36.89,36.56,36.89,36.56,4301
2515,2515.0,2024-07-18,36.685,36.305,36.685,36.305,7640
2516,2516.0,2024-07-19,36.14,35.975,36.16,35.97,4973
2517,2517.0,2024-07-22,36.12,36.12,36.24,35.98,5048
2518,2518.0,2024-07-23,36.17,36.17,36.175,35.95,4241
2519,2519.0,2024-07-24,35.8,35.8,36.03,35.8,4186
2520,2520.0,2024-07-25,35.515,35.535,35.575,35.33,7351
2521,2521.0,2024-07-26,35.6,35.7,35.745,35.6,1345
2522,2522.0,2024-07-29,35.935,35.665,36.005,35.665,3790
2523,2523.0,2024-07-30,35.795,35.66,35.89,35.66,3780
2524,2524.0,2024-07-31,36.25,36.43,36.46,36.23,2092
2525,2525.0,2024-08-01,36.38,36.115,36.455,36.115,3122
2526,2526.0,2024-08-02,35.49,34.825,35.49,34.76,6329
2527,2527.0,2024-08-05,33.42,33.79,33.79,32.815,24376
2528,2528.0,2024-08-06,34.045,34.02,34.14,33.78,6241
2529,2529.0,2024-08-07,34.66,34.81,34.995,34.585,3711
2530,2530.0,2024-08-08,34.555,35.005,35.055,34.435,10241
2531,2531.0,2024-08-09,35.2,35.2,35.42,35.085,10047
2532,2532.0,2024-08-12,35.32,35.48,35.505,35.275,18848
2533,2533.0,2024-08-13,35.49,35.515,35.52,35.365,1607
2534,2534.0,2024-08-14,35.4,35.33,35.465,35.195,3424
2535,2535.0,2024-08-15,35.345,35.79,35.81,35.34,3575
2536,2536.0,2024-08-16,36.01,36.075,36.105,35.9,2392
2537,2537.0,2024-08-19,36.1,36.23,36.23,36.06,21705
2538,2538.0,2024-08-20,36.155,35.865,36.18,35.83,700
2539,2539.0,2024-08-21,35.805,35.95,35.95,35.745,2355
2540,2540.0,2024-08-22,35.865,35.68,35.92,35.68,2814
2541,2541.0,2024-08-23,35.8,35.865,36.0,35.8,1326
2542,2542.0,2024-08-26,35.85,35.645,35.95,35.6,3294
2543,2543.0,2024-08-27,35.69,35.665,35.755,35.605,1003
2544,2544.0,2024-08-28,35.725,35.645,35.85,35.645,8942
2545,2545.0,2024-08-29,35.67,35.95,35.975,35.67,446
2546,2546.0,2024-08-30,36.01,35.9,36.085,35.9,2548
2547,2547.0,2024-09-02,35.855,35.835,35.86,35.755,3130
2548,2548.0,2024-09-03,35.8,35.505,35.82,35.39,4269
2549,2549.0,2024-09-04,35.08,35.29,35.37,35.075,3761
2550,2550.0,2024-09-05,35.195,35.16,35.345,35.05,22682
2551,2551.0,2024-09-06,35.015,34.66,35.13,34.6,13538
2552,2552.0,2024-09-09,34.8,34.955,35.0,34.785,4435
2553,2553.0,2024-09-10,34.9,34.86,34.97,34.82,2115
2554,2554.0,2024-09-11,34.91,34.83,34.925,34.635,6987
2555,2555.0,2024-09-12,35.34,35.28,35.43,35.225,2626
2556,2556.0,2024-09-13,35.43,35.485,35.485,35.33,1103
2557,2557.0,2024-09-16,35.455,35.37,35.495,35.37,4849
2558,2558.0,2024-09-17,35.56,35.565,35.635,35.54,2644
2559,2559.0,2024-09-18,35.565,35.405,35.585,35.405,14425
2560,2560.0,2024-09-19,35.89,35.96,35.985,35.8,1790
2561,2561.0,2024-09-20,35.975,35.96,36.08,35.96,15159
0,,2014-09-25 00:00:00,23.835,23.585,23.915,23.585,8142
1,,2014-09-26 00:00:00,23.585,23.665,23.71,23.53,780
2,,2014-09-29 00:00:00,23.565,23.3,23.565,23.205,649
3,,2014-09-30 00:00:00,23.37,23.395,23.805,23.245,2111
4,,2014-10-01 00:00:00,23.325,23.185,23.325,23.185,1532
5,,2014-10-02 00:00:00,23.04,22.73,23.04,22.73,47557
6,,2014-10-03 00:00:00,23.14,23.27,23.345,23.14,3552
7,,2014-10-06 00:00:00,23.575,23.665,23.725,23.56,1588
8,,2014-10-07 00:00:00,23.585,23.44,23.585,23.435,425
9,,2014-10-08 00:00:00,23.39,23.055,23.39,23.045,32924
10,,2014-10-09 00:00:00,23.325,23.255,23.46,23.255,6092
11,,2014-10-10 00:00:00,23.03,22.835,23.16,22.685,4190
12,,2014-10-13 00:00:00,22.775,23.03,23.05,22.775,34246
13,,2014-10-14 00:00:00,22.96,23.03,23.03,22.8,2416
14,,2014-10-15 00:00:00,23.11,22.355,23.11,22.355,955
15,,2014-10-16 00:00:00,22.495,22.32,22.495,21.95,4536
16,,2014-10-17 00:00:00,22.175,22.66,22.74,22.175,3690
17,,2014-10-20 00:00:00,22.83,22.57,22.83,22.395,1074
18,,2014-10-21 00:00:00,22.34,22.84,22.865,22.34,5019
19,,2014-10-22 00:00:00,22.94,22.885,22.94,22.85,12284
20,,2014-10-23 00:00:00,22.89,22.855,22.92,22.735,3877
21,,2014-10-24 00:00:00,22.75,22.935,22.955,22.715,7655
22,,2014-10-27 00:00:00,22.745,22.545,22.745,22.505,3971
23,,2014-10-28 00:00:00,22.805,22.985,23.065,22.805,2069
24,,2014-10-29 00:00:00,23.15,23.24,23.24,23.11,384
25,,2014-10-30 00:00:00,23.48,23.465,23.48,23.325,2598
26,,2014-10-31 00:00:00,23.67,23.73,23.92,23.67,1473
27,,2014-11-03 00:00:00,23.875,23.665,23.875,23.635,3458
28,,2014-11-04 00:00:00,23.685,23.46,23.685,23.42,4060
29,,2014-11-05 00:00:00,23.495,23.475,23.495,23.475,0
30,,2014-11-06 00:00:00,23.455,23.48,23.62,23.45,315
31,,2014-11-07 00:00:00,23.395,23.48,23.48,23.225,450
32,,2014-11-10 00:00:00,23.525,23.625,23.655,23.48,10362
33,,2014-11-11 00:00:00,23.545,23.44,23.62,23.435,9831
34,,2014-11-12 00:00:00,23.42,23.515,23.515,23.37,6547
35,,2014-11-13 00:00:00,23.505,23.41,23.55,23.41,6880
36,,2014-11-14 00:00:00,23.42,23.315,23.44,23.295,3939
37,,2014-11-17 00:00:00,23.14,23.29,23.365,23.075,500
38,,2014-11-18 00:00:00,23.13,23.19,23.25,23.13,7238
39,,2014-11-19 00:00:00,23.16,23.205,23.205,23.145,4995
40,,2014-11-20 00:00:00,23.23,23.295,23.295,23.14,7996
41,,2014-11-21 00:00:00,23.315,24.04,24.18,23.315,2292
42,,2014-11-24 00:00:00,24.105,23.93,24.16,23.92,10905
43,,2014-11-25 00:00:00,23.875,23.76,24.035,23.76,6415
44,,2014-11-26 00:00:00,24.16,23.94,24.16,23.835,7627
45,,2014-11-27 00:00:00,23.93,23.945,24.02,23.84,9055
46,,2014-11-28 00:00:00,23.885,23.695,23.945,23.635,1815
47,,2014-12-01 00:00:00,23.425,23.18,23.425,23.18,965
48,,2014-12-02 00:00:00,23.32,23.345,23.4,23.3,826
49,,2014-12-03 00:00:00,23.36,23.55,23.61,23.36,4626
50,,2014-12-04 00:00:00,23.725,23.285,23.82,23.285,2305
51,,2014-12-05 00:00:00,23.425,23.48,23.485,23.425,427
52,,2014-12-08 00:00:00,23.48,23.285,23.5,23.285,2629
53,,2014-12-09 00:00:00,23.12,22.715,23.12,22.65,7513
54,,2014-12-10 00:00:00,22.795,22.535,22.835,22.51,1380
55,,2014-12-11 00:00:00,22.425,22.39,22.465,22.36,8383
56,,2014-12-12 00:00:00,22.28,21.85,22.28,21.85,2808
57,,2014-12-15 00:00:00,22.01,21.47,22.08,21.47,27031
58,,2014-12-16 00:00:00,21.565,21.64,21.64,21.09,2782
59,,2014-12-17 00:00:00,21.385,21.815,21.88,21.385,2515
60,,2014-12-18 00:00:00,22.125,22.405,22.7,22.125,4987
61,,2014-12-19 00:00:00,22.58,22.705,22.735,22.445,21592
62,,2014-12-22 00:00:00,22.92,22.94,23.025,22.92,4996
63,,2014-12-23 00:00:00,22.895,22.91,22.995,22.895,132
64,,2014-12-24 00:00:00,23.03,22.94,23.03,22.89,614
65,,2014-12-29 00:00:00,23.19,23.195,23.29,23.005,2405
66,,2014-12-30 00:00:00,23.065,23.1,23.1,23.03,2107
67,,2014-12-31 00:00:00,23.24,23.285,23.285,23.175,61
68,,2015-01-02 00:00:00,23.335,23.135,23.375,23.135,3801
69,,2015-01-05 00:00:00,23.165,23.04,23.375,23.02,2862
70,,2015-01-06 00:00:00,23.015,22.92,23.17,22.87,2660
71,,2015-01-07 00:00:00,23.15,23.49,23.505,23.15,23250
72,,2015-01-08 00:00:00,23.75,24.05,24.075,23.75,1811
73,,2015-01-09 00:00:00,24.025,23.85,24.04,23.85,1576
74,,2015-01-12 00:00:00,23.765,23.755,23.995,23.7,1838
75,,2015-01-13 00:00:00,23.795,24.12,24.19,23.795,2593
76,,2015-01-14 00:00:00,23.805,23.745,23.865,23.685,32937
77,,2015-01-15 00:00:00,24.155,24.385,24.385,24.155,0
78,,2015-01-16 00:00:00,24.14,24.495,24.635,24.14,654
79,,2015-01-19 00:00:00,24.475,24.155,24.475,24.145,4310
80,,2015-01-20 00:00:00,24.355,24.39,24.425,24.215,18084
81,,2015-01-21 00:00:00,24.685,24.84,24.845,24.56,2912
82,,2015-01-22 00:00:00,24.915,25.485,25.56,24.79,57331
83,,2015-01-23 00:00:00,25.805,25.99,26.26,25.805,27898
84,,2015-01-26 00:00:00,25.955,25.91,25.955,25.825,12051
85,,2015-01-27 00:00:00,25.85,25.52,25.915,25.29,5175
86,,2015-01-28 00:00:00,25.71,25.545,25.71,25.49,2822
87,,2015-01-29 00:00:00,25.415,25.26,25.435,25.23,6318
88,,2015-01-30 00:00:00,25.26,24.925,25.26,24.925,1218
89,,2015-02-02 00:00:00,25.2,25.11,25.2,24.985,34106
90,,2015-02-03 00:00:00,24.995,25.18,25.325,24.995,7305
91,,2015-02-04 00:00:00,25.43,25.495,25.545,25.3,1964
92,,2015-02-05 00:00:00,25.425,25.385,25.425,25.19,261
93,,2015-02-06 00:00:00,25.105,25.315,25.41,25.105,698
94,,2015-02-09 00:00:00,25.2,25.245,25.315,25.13,3092
95,,2015-02-10 00:00:00,25.31,25.165,25.375,25.125,4602
96,,2015-02-11 00:00:00,25.25,24.935,25.25,24.935,6586
97,,2015-02-12 00:00:00,24.89,25.245,25.245,24.89,370
98,,2015-02-13 00:00:00,25.12,25.57,25.61,25.12,31127
99,,2015-02-16 00:00:00,25.685,25.545,25.685,25.48,6042
100,,2015-02-17 00:00:00,25.565,25.475,25.605,25.475,1774
101,,2015-02-18 00:00:00,25.58,25.58,25.58,25.485,2046
102,,2015-02-19 00:00:00,25.49,25.57,25.595,25.475,6668
103,,2015-02-20 00:00:00,25.575,25.57,25.71,25.57,521
104,,2015-02-23 00:00:00,25.745,25.57,25.745,25.57,4476
105,,2015-02-24 00:00:00,25.785,25.885,25.915,25.615,6800
106,,2015-02-25 00:00:00,25.78,25.77,25.845,25.77,2227
107,,2015-02-26 00:00:00,25.6,26.115,26.125,25.6,3788
108,,2015-02-27 00:00:00,25.99,26.17,26.17,25.99,903
109,,2015-03-02 00:00:00,26.22,26.09,26.22,25.92,4111
110,,2015-03-03 00:00:00,25.795,25.915,26.05,25.72,3940
111,,2015-03-04 00:00:00,26.01,25.9,26.01,25.8,6051
112,,2015-03-05 00:00:00,26.0,26.065,26.07,25.97,3835
113,,2015-03-06 00:00:00,26.99,26.045,26.99,26.02,1419
114,,2015-03-09 00:00:00,25.8,25.96,26.05,25.8,248
115,,2015-03-10 00:00:00,26.0,25.74,26.0,25.72,3082
116,,2015-03-11 00:00:00,25.975,26.17,26.205,25.945,43791
117,,2015-03-12 00:00:00,26.12,26.35,26.44,26.12,1725
118,,2015-03-13 00:00:00,26.325,26.16,26.325,26.005,945
119,,2015-03-16 00:00:00,26.155,26.26,26.39,26.155,2725
120,,2015-03-17 00:00:00,26.425,26.405,26.425,26.26,5488
121,,2015-03-18 00:00:00,26.475,26.465,26.615,26.26,3775
122,,2015-03-19 00:00:00,26.96,26.63,26.96,26.53,2071
123,,2015-03-20 00:00:00,26.79,26.715,26.79,26.465,8204
124,,2015-03-23 00:00:00,26.715,26.35,26.715,26.35,1045
125,,2015-03-24 00:00:00,26.28,26.465,26.53,26.26,1307
126,,2015-03-25 00:00:00,26.37,26.115,26.415,26.11,2897
127,,2015-03-26 00:00:00,26.025,25.97,26.025,25.7,11744
128,,2015-03-27 00:00:00,26.5,25.94,26.5,25.94,1979
129,,2015-03-30 00:00:00,26.26,26.56,26.56,26.255,1418
130,,2015-03-31 00:00:00,26.6,26.765,26.84,26.555,4984
131,,2015-04-01 00:00:00,26.715,27.03,27.03,26.715,68001
132,,2015-04-02 00:00:00,27.105,27.085,27.105,27.04,1245
133,,2015-04-07 00:00:00,27.205,27.58,27.58,27.205,3528
134,,2015-04-08 00:00:00,27.7,28.16,28.16,27.7,446
135,,2015-04-09 00:00:00,28.245,28.59,28.625,28.245,5548
136,,2015-04-10 00:00:00,28.725,28.88,28.93,28.725,3989
137,,2015-04-13 00:00:00,29.01,29.04,29.3,29.01,4947
138,,2015-04-14 00:00:00,29.255,28.705,29.255,28.495,1815
139,,2015-04-15 00:00:00,28.755,28.96,29.01,28.755,52888
140,,2015-04-16 00:00:00,29.1,28.965,29.11,28.965,699
141,,2015-04-17 00:00:00,28.985,28.34,28.985,28.275,5225
142,,2015-04-20 00:00:00,28.58,28.49,28.585,28.42,3529
143,,2015-04-21 00:00:00,28.87,28.73,28.915,28.73,1305
144,,2015-04-22 00:00:00,28.865,28.94,28.965,28.64,6017
145,,2015-04-23 00:00:00,29.17,28.865,29.17,28.815,1177
146,,2015-04-24 00:00:00,28.895,28.945,29.0,28.83,2318
147,,2015-04-27 00:00:00,29.195,29.025,29.195,29.025,2606
148,,2015-04-28 00:00:00,28.865,28.825,28.925,28.825,1786
149,,2015-04-29 00:00:00,28.635,28.14,28.635,28.04,9173
150,,2015-04-30 00:00:00,28.07,27.64,28.07,27.535,5413
151,,2015-05-04 00:00:00,27.66,27.845,27.9,27.66,745
152,,2015-05-05 00:00:00,27.745,27.63,27.845,27.63,2996
153,,2015-05-06 00:00:00,27.39,27.035,27.39,27.035,180
154,,2015-05-07 00:00:00,26.71,26.92,26.945,26.5,1834
155,,2015-05-08 00:00:00,27.21,27.47,27.47,27.09,991
156,,2015-05-11 00:00:00,27.495,27.425,27.57,27.425,2361
157,,2015-05-12 00:00:00,27.265,27.06,27.265,26.945,195
158,,2015-05-13 00:00:00,27.07,26.88,27.145,26.88,450
159,,2015-05-14 00:00:00,26.755,27.025,27.025,26.555,129
160,,2015-05-15 00:00:00,26.89,26.995,27.11,26.89,691
161,,2015-05-18 00:00:00,27.04,27.08,27.08,27.04,272
162,,2015-05-19 00:00:00,27.475,27.635,27.8,27.475,1770
163,,2015-05-20 00:00:00,27.845,27.675,27.845,27.49,5471
164,,2015-05-21 00:00:00,27.49,27.465,27.49,27.4,511
165,,2015-05-22 00:00:00,27.6,27.8,27.88,27.6,50015
166,,2015-05-25 00:00:00,28.055,27.895,28.055,27.895,766
167,,2015-05-26 00:00:00,28.035,27.8,28.035,27.8,994
168,,2015-05-27 00:00:00,27.645,27.655,27.74,27.61,6735
169,,2015-05-28 00:00:00,27.43,27.31,27.43,27.31,141
170,,2015-05-29 00:00:00,27.27,27.04,27.27,27.04,318
171,,2015-06-01 00:00:00,27.185,27.01,27.185,26.97,2008
172,,2015-06-02 00:00:00,26.87,26.53,26.87,26.505,7433
173,,2015-06-03 00:00:00,26.46,26.225,26.57,26.225,941
174,,2015-06-04 00:00:00,26.045,25.87,26.045,25.75,2893
175,,2015-06-05 00:00:00,25.87,26.035,26.225,25.77,4268
176,,2015-06-08 00:00:00,26.04,25.82,26.04,25.82,3250
177,,2015-06-09 00:00:00,25.475,25.555,25.675,25.425,3660
178,,2015-06-10 00:00:00,25.47,25.75,25.765,25.415,732
179,,2015-06-11 00:00:00,25.69,25.78,25.925,25.69,30879
180,,2015-06-12 00:00:00,25.86,25.74,26.06,25.74,650
181,,2015-06-15 00:00:00,25.685,25.5,25.685,25.395,800
182,,2015-06-16 00:00:00,25.235,25.48,25.515,25.21,860
183,,2015-06-17 00:00:00,25.55,25.43,25.56,25.425,2930
184,,2015-06-18 00:00:00,25.41,25.58,25.595,25.365,600
185,,2015-06-19 00:00:00,25.59,25.61,25.715,25.56,5741
186,,2015-06-22 00:00:00,25.595,25.76,25.83,25.595,2890
187,,2015-06-23 00:00:00,26.15,26.355,26.42,26.15,12890
188,,2015-06-24 00:00:00,26.38,26.36,26.39,26.36,500
189,,2015-06-25 00:00:00,26.205,26.17,26.305,26.17,2490
190,,2015-06-26 00:00:00,26.015,26.07,26.07,25.97,145
191,,2015-06-29 00:00:00,25.635,25.475,25.65,25.475,1142
192,,2015-06-30 00:00:00,25.87,25.8,25.87,25.68,3492
193,,2015-07-01 00:00:00,26.015,26.025,26.19,25.98,5118
194,,2015-07-02 00:00:00,26.035,26.13,26.13,26.03,456
195,,2015-07-03 00:00:00,26.0,25.875,26.0,25.82,761
196,,2015-07-06 00:00:00,25.475,25.545,25.545,25.4,319
197,,2015-07-07 00:00:00,25.39,24.895,25.39,24.895,198
198,,2015-07-08 00:00:00,24.51,24.42,24.535,24.235,2937
199,,2015-07-09 00:00:00,24.725,24.91,24.91,24.725,100
200,,2015-07-10 00:00:00,25.1,25.035,25.13,24.855,2745
201,,2015-07-13 00:00:00,25.095,25.665,25.665,25.095,1679
202,,2015-07-14 00:00:00,25.58,25.555,25.58,25.35,604
203,,2015-07-15 00:00:00,25.6,25.58,25.635,25.475,2625
204,,2015-07-16 00:00:00,25.735,25.95,25.95,25.735,18119
205,,2015-07-17 00:00:00,25.97,25.98,26.105,25.93,3095
206,,2015-07-20 00:00:00,25.88,25.8,25.905,25.67,3744
207,,2015-07-21 00:00:00,25.985,25.695,26.22,25.695,1995
208,,2015-07-22 00:00:00,25.675,25.46,25.87,25.45,5540
209,,2015-07-23 00:00:00,25.43,25.04,25.43,25.04,26522
210,,2015-07-24 00:00:00,24.915,24.625,24.915,24.625,634
211,,2015-07-27 00:00:00,23.98,23.905,24.545,23.905,449
212,,2015-07-28 00:00:00,24.11,24.105,24.215,23.93,11107
213,,2015-07-29 00:00:00,24.185,24.395,24.395,24.18,947
214,,2015-07-30 00:00:00,24.385,24.265,24.415,24.265,200
215,,2015-07-31 00:00:00,24.265,24.325,24.325,24.265,12977
216,,2015-08-03 00:00:00,24.255,24.16,24.255,24.04,200
217,,2015-08-04 00:00:00,24.22,24.285,24.285,24.22,64
218,,2015-08-05 00:00:00,24.455,24.505,24.585,24.455,620
219,,2015-08-06 00:00:00,24.255,24.06,24.255,24.03,309
220,,2015-08-07 00:00:00,24.145,24.01,24.24,24.01,429
221,,2015-08-10 00:00:00,24.11,24.175,24.175,24.11,124
222,,2015-08-11 00:00:00,24.005,23.45,24.005,23.45,5954
223,,2015-08-12 00:00:00,23.16,22.825,23.16,22.825,1758
224,,2015-08-13 00:00:00,23.225,23.09,23.24,23.09,324
225,,2015-08-14 00:00:00,22.97,23.15,23.22,22.965,18121
226,,2015-08-17 00:00:00,23.26,22.96,23.26,22.905,3342
227,,2015-08-18 00:00:00,22.83,22.81,22.83,22.755,1445
228,,2015-08-19 00:00:00,22.685,22.345,22.685,22.345,19358
229,,2015-08-20 00:00:00,22.16,21.83,22.16,21.79,18176
230,,2015-08-21 00:00:00,21.48,21.115,21.6,21.115,3091
231,,2015-08-24 00:00:00,20.01,19.49,20.1,19.325,14794
232,,2015-08-25 00:00:00,20.085,20.915,20.985,20.05,11341
233,,2015-08-26 00:00:00,20.385,20.48,20.72,20.345,1034
234,,2015-08-27 00:00:00,21.17,21.775,21.82,21.17,1093
235,,2015-08-28 00:00:00,21.8,21.91,21.91,21.595,1345
236,,2015-08-31 00:00:00,21.695,21.68,21.7,21.625,1920
237,,2015-09-01 00:00:00,21.47,21.07,21.47,21.07,188
238,,2015-09-02 00:00:00,21.1,21.06,21.1,20.96,96
239,,2015-09-03 00:00:00,21.24,21.705,21.76,21.21,3117
240,,2015-09-04 00:00:00,21.3,20.965,21.31,20.965,1026
241,,2015-09-07 00:00:00,21.07,20.825,21.07,20.795,507
242,,2015-09-08 00:00:00,21.015,21.255,21.405,21.015,138
243,,2015-09-09 00:00:00,21.7,21.65,21.84,21.62,10952
244,,2015-09-10 00:00:00,21.265,21.305,21.38,21.25,1197
245,,2015-09-11 00:00:00,21.345,21.17,21.345,21.17,1322
246,,2015-09-14 00:00:00,21.18,21.23,21.325,21.18,179905
247,,2015-09-15 00:00:00,21.355,21.52,21.52,21.3,522
248,,2015-09-16 00:00:00,21.765,22.04,22.04,21.765,3685
249,,2015-09-17 00:00:00,22.02,21.94,22.02,21.825,5035
250,,2015-09-18 00:00:00,21.865,21.735,21.865,21.625,750
251,,2015-09-21 00:00:00,21.65,21.795,21.815,21.65,233
252,,2015-09-22 00:00:00,21.89,21.335,21.89,21.335,3055
253,,2015-09-23 00:00:00,21.325,21.165,21.33,21.165,150
254,,2015-09-24 00:00:00,20.96,20.58,21.03,20.575,955
255,,2015-09-25 00:00:00,21.175,21.075,21.175,21.075,0
256,,2015-09-28 00:00:00,21.115,20.5,21.115,20.5,324
257,,2015-09-29 00:00:00,20.345,20.535,20.63,20.345,7390
258,,2015-09-30 00:00:00,21.005,21.245,21.245,21.005,1165
259,,2015-10-01 00:00:00,21.6,21.3,21.6,21.3,382
260,,2015-10-02 00:00:00,21.46,21.38,21.48,21.06,1155
261,,2015-10-05 00:00:00,21.875,22.2,22.2,21.875,113
262,,2015-10-06 00:00:00,22.1,22.14,22.14,22.1,0
263,,2015-10-07 00:00:00,22.51,22.62,22.725,22.51,1918
264,,2015-10-08 00:00:00,22.51,22.68,22.695,22.395,2010
265,,2015-10-09 00:00:00,22.94,22.98,23.09,22.75,3637
266,,2015-10-12 00:00:00,22.965,22.775,22.965,22.72,4500
267,,2015-10-13 00:00:00,22.58,22.495,22.58,22.38,778
268,,2015-10-14 00:00:00,22.285,22.285,22.37,22.26,12173
269,,2015-10-15 00:00:00,22.61,22.715,22.825,22.61,14158
270,,2015-10-16 00:00:00,22.795,22.93,22.95,22.795,3729
271,,2015-10-19 00:00:00,22.965,22.92,22.965,22.875,6098
272,,2015-10-20 00:00:00,22.91,22.845,22.91,22.845,0
273,,2015-10-21 00:00:00,22.735,22.69,22.77,22.625,52936
274,,2015-10-22 00:00:00,22.655,23.31,23.31,22.655,3819
275,,2015-10-23 00:00:00,23.46,23.79,23.845,23.46,1041
276,,2015-10-26 00:00:00,23.705,23.565,23.705,23.565,136
277,,2015-10-27 00:00:00,23.495,23.325,23.495,23.3,1360
278,,2015-10-28 00:00:00,23.395,23.395,23.395,23.24,856
279,,2015-10-29 00:00:00,23.285,23.1,23.285,23.04,33160
280,,2015-10-30 00:00:00,23.14,22.995,23.14,22.99,2900
281,,2015-11-02 00:00:00,22.94,23.2,23.2,22.94,3346
282,,2015-11-03 00:00:00,23.31,23.675,23.675,23.31,931
283,,2015-11-04 00:00:00,23.985,23.91,24.04,23.91,130
284,,2015-11-05 00:00:00,23.94,23.835,23.94,23.835,1400
285,,2015-11-06 00:00:00,23.785,23.63,23.785,23.63,22
286,,2015-11-09 00:00:00,23.495,23.245,23.495,23.245,1674
287,,2015-11-10 00:00:00,23.245,23.155,23.325,23.12,40504
288,,2015-11-11 00:00:00,23.17,23.2,23.2,23.17,0
289,,2015-11-12 00:00:00,23.26,23.05,23.3,23.05,1214
290,,2015-11-13 00:00:00,22.865,22.68,22.88,22.57,24190
291,,2015-11-16 00:00:00,22.555,22.78,22.82,22.555,16082
292,,2015-11-17 00:00:00,23.095,23.28,23.28,23.09,1497
293,,2015-11-18 00:00:00,23.085,23.26,23.26,23.085,0
294,,2015-11-19 00:00:00,23.45,23.405,23.475,23.385,20867
295,,2015-11-20 00:00:00,23.67,23.885,23.885,23.67,959
296,,2015-11-23 00:00:00,23.78,23.865,23.88,23.725,248
297,,2015-11-24 00:00:00,23.785,23.695,23.785,23.535,1091
298,,2015-11-25 00:00:00,23.74,23.74,23.74,23.73,21
299,,2015-11-26 00:00:00,23.72,23.81,23.84,23.72,57
300,,2015-11-27 00:00:00,23.39,23.41,23.5,23.34,2498
301,,2015-11-30 00:00:00,23.225,23.315,23.315,23.21,500
302,,2015-12-01 00:00:00,23.5,23.35,23.5,23.35,808
303,,2015-12-02 00:00:00,23.405,23.28,23.405,23.27,755
304,,2015-12-03 00:00:00,23.29,22.48,23.35,22.48,1377
305,,2015-12-04 00:00:00,22.455,22.49,22.51,22.28,2988
306,,2015-12-07 00:00:00,22.465,22.3,22.54,22.3,444
307,,2015-12-08 00:00:00,22.095,21.88,22.095,21.88,1
308,,2015-12-09 00:00:00,21.845,21.745,21.845,21.705,1290
309,,2015-12-10 00:00:00,21.595,21.58,21.635,21.58,825
310,,2015-12-11 00:00:00,21.445,20.915,21.445,20.915,656
311,,2015-12-14 00:00:00,21.25,20.785,21.25,20.785,1400
312,,2015-12-15 00:00:00,21.035,21.59,21.59,21.035,2412
313,,2015-12-16 00:00:00,21.745,21.645,21.745,21.61,748
314,,2015-12-17 00:00:00,22.065,22.035,22.22,22.035,180
315,,2015-12-18 00:00:00,21.95,21.91,21.97,21.855,1006
316,,2015-12-21 00:00:00,21.915,21.675,22.0,21.675,760
317,,2015-12-22 00:00:00,21.83,21.755,21.83,21.755,0
318,,2015-12-23 00:00:00,22.11,22.305,22.305,22.1,2517
319,,2015-12-24 00:00:00,22.1,22.14,22.24,22.1,26
320,,2015-12-28 00:00:00,21.97,21.865,21.97,21.8,834
321,,2015-12-29 00:00:00,21.94,22.12,22.12,21.94,605
322,,2015-12-30 00:00:00,21.92,21.86,21.935,21.86,24
323,,2015-12-31 00:00:00,21.86,21.89,21.915,21.86,367
324,,2016-01-04 00:00:00,21.23,21.275,21.285,21.17,531
325,,2016-01-05 00:00:00,21.33,21.605,21.605,21.33,1898
326,,2016-01-06 00:00:00,21.365,21.22,21.365,21.16,5438
327,,2016-01-07 00:00:00,20.72,20.56,20.72,20.3,4828
328,,2016-01-08 00:00:00,20.51,20.035,20.51,20.035,2275
329,,2016-01-11 00:00:00,19.995,19.94,20.08,19.94,1051
330,,2016-01-12 00:00:00,19.735,20.11,20.11,19.735,870
331,,2016-01-13 00:00:00,20.325,20.23,20.405,20.17,2842
332,,2016-01-14 00:00:00,20.09,19.95,20.09,19.67,1300
333,,2016-01-15 00:00:00,19.835,19.18,19.835,19.18,1438
334,,2016-01-18 00:00:00,19.5,19.36,19.595,19.36,2754
335,,2016-01-19 00:00:00,19.8,19.6,19.8,19.58,3279
336,,2016-01-20 00:00:00,19.045,18.965,19.045,18.905,2961
337,,2016-01-21 00:00:00,19.09,19.41,19.41,18.94,2677
338,,2016-01-22 00:00:00,19.685,19.9,19.935,19.685,175
339,,2016-01-25 00:00:00,19.955,19.855,19.955,19.845,30047
340,,2016-01-26 00:00:00,19.48,19.92,19.92,19.475,4554
341,,2016-01-27 00:00:00,19.775,19.965,19.965,19.76,693
342,,2016-01-28 00:00:00,19.955,19.85,20.07,19.85,5495
343,,2016-01-29 00:00:00,20.35,20.58,20.615,20.32,19303
344,,2016-02-01 00:00:00,20.57,20.435,20.57,20.355,3492
345,,2016-02-02 00:00:00,20.385,20.05,20.385,19.995,1285
346,,2016-02-03 00:00:00,19.865,19.66,19.925,19.64,653
347,,2016-02-04 00:00:00,20.02,20.02,20.1,20.015,17425
348,,2016-02-05 00:00:00,20.025,19.935,20.025,19.935,625
349,,2016-02-08 00:00:00,19.97,19.415,19.97,19.415,200
350,,2016-02-09 00:00:00,19.49,19.005,19.49,19.005,465
351,,2016-02-10 00:00:00,19.19,19.41,19.445,19.08,1502
352,,2016-02-11 00:00:00,19.115,18.625,19.115,18.625,17792
353,,2016-02-12 00:00:00,18.89,19.14,19.14,18.89,12779
354,,2016-02-15 00:00:00,19.5,19.61,19.625,19.5,7688
355,,2016-02-16 00:00:00,19.79,19.665,19.79,19.59,6608
356,,2016-02-17 00:00:00,19.56,20.18,20.18,19.56,0
357,,2016-02-18 00:00:00,20.16,20.135,20.16,20.08,2510
358,,2016-02-19 00:00:00,20.01,20.015,20.105,19.925,1272
359,,2016-02-22 00:00:00,20.225,20.555,20.555,20.225,1093
360,,2016-02-23 00:00:00,20.33,20.29,20.515,20.29,274
361,,2016-02-24 00:00:00,20.225,19.85,20.225,19.845,205
362,,2016-02-25 00:00:00,20.02,20.095,20.19,19.935,12209
363,,2016-02-26 00:00:00,20.37,20.375,20.48,20.37,48783
364,,2016-02-29 00:00:00,20.21,20.695,20.695,20.21,390
365,,2016-03-01 00:00:00,20.775,21.175,21.175,20.775,5833
366,,2016-03-02 00:00:00,21.38,21.445,21.465,21.205,132753
367,,2016-03-03 00:00:00,21.46,21.455,21.525,21.455,1218
368,,2016-03-04 00:00:00,21.57,21.85,21.9,21.55,6901
369,,2016-03-07 00:00:00,21.77,21.9,21.9,21.7,1235
370,,2016-03-08 00:00:00,21.465,21.43,21.56,21.315,3724
371,,2016-03-09 00:00:00,21.53,21.655,21.715,21.53,1533
372,,2016-03-10 00:00:00,21.7,21.105,22.0,21.105,294
373,,2016-03-11 00:00:00,21.66,21.775,21.775,21.66,0
374,,2016-03-14 00:00:00,21.875,21.835,21.875,21.77,613
375,,2016-03-15 00:00:00,21.555,21.425,21.555,21.425,100
376,,2016-03-16 00:00:00,21.505,21.52,21.52,21.425,558
377,,2016-03-17 00:00:00,21.805,22.0,22.0,21.805,908
378,,2016-03-18 00:00:00,22.05,22.255,22.28,21.97,27832
379,,2016-03-21 00:00:00,22.035,22.32,22.345,22.035,1200
380,,2016-03-22 00:00:00,22.225,22.375,22.395,22.225,1142
381,,2016-03-23 00:00:00,22.33,22.11,22.33,22.02,3417
382,,2016-03-24 00:00:00,21.99,21.955,21.99,21.855,2777
383,,2016-03-29 00:00:00,21.98,21.955,22.015,21.95,3992
384,,2016-03-30 00:00:00,22.22,22.375,22.44,22.22,480
385,,2016-03-31 00:00:00,22.195,22.285,22.33,22.195,1485
386,,2016-04-01 00:00:00,22.0,21.985,22.0,21.73,9076
387,,2016-04-04 00:00:00,22.065,21.99,22.13,21.99,74
388,,2016-04-05 00:00:00,21.685,21.555,21.685,21.545,27
389,,2016-04-06 00:00:00,21.625,21.56,21.625,21.56,65
390,,2016-04-07 00:00:00,21.59,21.37,21.6,21.37,123
391,,2016-04-08 00:00:00,21.56,21.63,21.675,21.54,292
392,,2016-04-11 00:00:00,21.755,21.88,21.905,21.7,273
393,,2016-04-12 00:00:00,21.94,22.105,22.105,21.855,727
394,,2016-04-13 00:00:00,22.435,22.835,22.835,22.435,712
395,,2016-04-14 00:00:00,22.675,22.79,22.79,22.675,102719
396,,2016-04-15 00:00:00,22.825,22.7,22.825,22.625,1215
397,,2016-04-18 00:00:00,22.385,22.65,22.68,22.385,1206
398,,2016-04-19 00:00:00,22.645,22.845,22.845,22.645,0
399,,2016-04-20 00:00:00,22.585,22.79,22.805,22.575,1684
400,,2016-04-21 00:00:00,22.93,22.795,22.935,22.795,34913
401,,2016-04-22 00:00:00,22.69,22.71,22.71,22.65,1696
402,,2016-04-25 00:00:00,22.74,22.5,22.74,22.485,41
403,,2016-04-26 00:00:00,22.505,22.57,22.59,22.5,10797
404,,2016-04-27 00:00:00,22.55,22.555,22.555,22.55,0
405,,2016-04-28 00:00:00,22.435,22.645,22.645,22.315,1250
406,,2016-04-29 00:00:00,22.25,22.055,22.31,22.055,417
407,,2016-05-02 00:00:00,22.21,21.915,22.21,21.915,1166
408,,2016-05-03 00:00:00,21.83,21.37,21.83,21.37,17734
409,,2016-05-04 00:00:00,21.405,21.135,21.405,21.135,825
410,,2016-05-05 00:00:00,21.27,21.265,21.27,21.265,0
411,,2016-05-06 00:00:00,21.135,21.185,21.185,21.005,5114
412,,2016-05-09 00:00:00,21.3,20.985,21.375,20.985,1108
413,,2016-05-10 00:00:00,21.285,21.3,21.315,21.225,4840
414,,2016-05-11 00:00:00,21.32,21.345,21.385,21.32,669
415,,2016-05-12 00:00:00,21.275,21.265,21.485,21.265,1715
416,,2016-05-13 00:00:00,21.265,21.315,21.315,21.235,859
417,,2016-05-16 00:00:00,21.255,21.32,21.32,21.255,2499
418,,2016-05-17 00:00:00,21.515,21.315,21.515,21.315,48
419,,2016-05-18 00:00:00,21.285,21.315,21.35,21.125,7329
420,,2016-05-19 00:00:00,21.185,20.93,21.185,20.93,0
421,,2016-05-20 00:00:00,21.125,21.27,21.27,21.125,17247
422,,2016-05-23 00:00:00,21.275,21.265,21.385,21.23,1000
423,,2016-05-24 00:00:00,21.115,21.515,21.515,21.115,475
424,,2016-05-25 00:00:00,21.625,21.725,21.755,21.625,197
425,,2016-05-26 00:00:00,21.735,21.795,21.805,21.645,1363
426,,2016-05-27 00:00:00,21.855,21.98,21.98,21.855,2057
427,,2016-05-30 00:00:00,21.96,21.955,21.96,21.935,170
428,,2016-05-31 00:00:00,22.075,21.91,22.075,21.91,3279
429,,2016-06-01 00:00:00,21.975,21.825,21.975,21.8,56
430,,2016-06-02 00:00:00,21.875,21.96,22.0,21.86,944
431,,2016-06-03 00:00:00,21.93,21.93,22.1,21.925,6553
432,,2016-06-06 00:00:00,22.05,22.205,22.205,22.05,23
433,,2016-06-07 00:00:00,22.275,22.44,22.475,22.275,9351
434,,2016-06-08 00:00:00,22.385,22.465,22.465,22.385,541
435,,2016-06-09 00:00:00,22.49,22.35,22.49,22.33,16741
436,,2016-06-10 00:00:00,22.295,22.035,22.295,22.0,44851
437,,2016-06-13 00:00:00,21.8,21.685,21.8,21.6,1170
438,,2016-06-14 00:00:00,21.66,21.535,21.66,21.535,1
439,,2016-06-15 00:00:00,21.74,21.8,21.83,21.715,48
440,,2016-06-16 00:00:00,21.51,21.65,21.65,21.29,9249
441,,2016-06-17 00:00:00,21.64,21.685,21.75,21.64,36900
442,,2016-06-20 00:00:00,21.975,22.165,22.165,21.975,50
443,,2016-06-21 00:00:00,22.04,22.225,22.225,22.04,0
444,,2016-06-22 00:00:00,22.39,22.41,22.41,22.39,0
445,,2016-06-23 00:00:00,22.26,22.55,22.55,22.26,1934
446,,2016-06-24 00:00:00,21.0,22.045,22.045,21.0,1968
447,,2016-06-27 00:00:00,22.155,21.685,22.155,21.685,0
448,,2016-06-28 00:00:00,22.025,22.16,22.215,22.025,443
449,,2016-06-29 00:00:00,22.355,22.72,22.73,22.355,1528
450,,2016-06-30 00:00:00,22.665,22.93,22.93,22.665,4323
451,,2016-07-01 00:00:00,23.225,23.08,23.225,23.08,476
452,,2016-07-04 00:00:00,23.24,23.1,23.24,23.095,6569
453,,2016-07-05 00:00:00,22.99,22.79,22.99,22.69,10584
454,,2016-07-06 00:00:00,22.53,22.53,22.645,22.45,5299
455,,2016-07-07 00:00:00,22.815,22.74,22.9,22.74,18655
456,,2016-07-08 00:00:00,22.725,23.125,23.125,22.725,7905
457,,2016-07-11 00:00:00,23.34,23.485,23.485,23.3,321
458,,2016-07-12 00:00:00,23.45,23.72,23.72,23.45,5269
459,,2016-07-13 00:00:00,23.66,23.505,23.66,23.505,447
460,,2016-07-14 00:00:00,23.76,23.945,23.945,23.76,4613
461,,2016-07-15 00:00:00,23.78,23.97,24.0,23.78,549
462,,2016-07-18 00:00:00,24.01,24.045,24.05,23.97,2635
463,,2016-07-19 00:00:00,24.005,24.095,24.095,23.94,1001
464,,2016-07-20 00:00:00,24.18,24.22,24.25,24.145,229
465,,2016-07-21 00:00:00,24.17,24.15,24.225,24.15,4837
466,,2016-07-22 00:00:00,24.09,24.22,24.22,24.09,1183
467,,2016-07-25 00:00:00,24.25,24.13,24.27,24.09,1168
468,,2016-07-26 00:00:00,24.265,24.23,24.265,24.18,1041
469,,2016-07-27 00:00:00,24.305,24.27,24.35,24.27,1320
470,,2016-07-28 00:00:00,24.29,24.02,24.29,24.02,6924
471,,2016-07-29 00:00:00,24.015,24.005,24.025,23.9,10552
472,,2016-08-01 00:00:00,24.25,24.16,24.25,24.08,4586
473,,2016-08-02 00:00:00,24.075,23.75,24.075,23.75,103
474,,2016-08-03 00:00:00,23.71,23.825,23.83,23.63,5044
475,,2016-08-04 00:00:00,24.01,24.16,24.16,24.01,4891
476,,2016-08-05 00:00:00,24.325,24.495,24.57,24.315,6227
477,,2016-08-08 00:00:00,24.59,24.73,24.745,24.59,11412
478,,2016-08-09 00:00:00,24.94,24.94,24.94,24.94,29330
479,,2016-08-10 00:00:00,24.695,24.65,24.755,24.65,31971
480,,2016-08-11 00:00:00,24.725,24.89,24.89,24.675,1600
481,,2016-08-12 00:00:00,24.96,24.93,24.96,24.895,100
482,,2016-08-15 00:00:00,24.97,25.165,25.18,24.97,890
483,,2016-08-16 00:00:00,25.005,24.79,25.005,24.79,809
484,,2016-08-17 00:00:00,24.755,24.45,24.755,24.45,8952
485,,2016-08-18 00:00:00,24.635,24.705,24.705,24.635,1034
486,,2016-08-19 00:00:00,24.545,24.525,24.545,24.525,0
487,,2016-08-22 00:00:00,24.42,24.285,24.51,24.285,550
488,,2016-08-23 00:00:00,24.365,24.46,24.475,24.305,473
489,,2016-08-24 00:00:00,24.24,24.31,24.31,24.24,1825
490,,2016-08-25 00:00:00,24.365,24.34,24.365,24.23,1486
491,,2016-08-26 00:00:00,24.3,24.6,24.625,24.3,650
492,,2016-08-29 00:00:00,24.345,24.485,24.505,24.32,2519
493,,2016-08-30 00:00:00,24.555,24.555,24.64,24.555,1105
494,,2016-08-31 00:00:00,24.515,24.35,24.57,24.35,1567
495,,2016-09-01 00:00:00,24.37,24.205,24.445,24.17,3587
496,,2016-09-02 00:00:00,24.35,24.755,24.755,24.35,982
497,,2016-09-05 00:00:00,25.0,25.005,25.005,24.965,3527
498,,2016-09-06 00:00:00,25.02,25.085,25.115,25.02,3383
499,,2016-09-07 00:00:00,25.16,25.105,25.165,25.085,2855
500,,2016-09-08 00:00:00,25.13,25.045,25.13,24.96,676
501,,2016-09-09 00:00:00,24.91,24.52,24.91,24.52,1610
502,,2016-09-12 00:00:00,24.085,24.145,24.15,23.825,5824
503,,2016-09-13 00:00:00,24.17,23.82,24.17,23.82,4472
504,,2016-09-14 00:00:00,23.92,23.93,24.015,23.915,24599
505,,2016-09-15 00:00:00,24.005,24.24,24.24,23.975,1453
506,,2016-09-16 00:00:00,24.25,24.24,24.285,24.2,3884
507,,2016-09-19 00:00:00,24.5,24.58,24.58,24.5,750
508,,2016-09-20 00:00:00,24.53,24.535,24.62,24.45,3156
509,,2016-09-21 00:00:00,24.79,24.76,24.81,24.655,4378
510,,2016-09-22 00:00:00,25.15,25.15,25.155,25.15,10293
511,,2016-09-23 00:00:00,25.115,25.03,25.115,25.02,2451
512,,2016-09-26 00:00:00,24.695,24.52,24.695,24.52,2735
513,,2016-09-27 00:00:00,24.86,24.76,24.86,24.7,3578
514,,2016-09-28 00:00:00,24.94,24.82,24.985,24.795,730
515,,2016-09-29 00:00:00,24.995,24.83,25.05,24.83,3069
516,,2016-09-30 00:00:00,24.575,24.745,24.78,24.575,12946
517,,2016-10-03 00:00:00,24.705,24.805,24.835,24.705,3239
518,,2016-10-04 00:00:00,24.9,25.065,25.085,24.9,2046
519,,2016-10-05 00:00:00,24.82,24.96,24.96,24.82,1440
520,,2016-10-06 00:00:00,25.035,24.99,25.035,24.92,2750
521,,2016-10-07 00:00:00,25.035,25.01,25.095,24.96,43330
522,,2016-10-10 00:00:00,25.06,25.365,25.395,25.0,1795
523,,2016-10-11 00:00:00,24.98,24.945,25.025,24.945,1107
524,,2016-10-12 00:00:00,24.965,24.99,25.07,24.9,4525
525,,2016-10-13 00:00:00,24.755,24.64,24.755,24.5,4771
526,,2016-10-14 00:00:00,24.825,24.965,25.05,24.825,1424
527,,2016-10-17 00:00:00,24.87,24.88,24.88,24.79,299
528,,2016-10-18 00:00:00,25.045,25.285,25.38,25.045,1553
529,,2016-10-19 00:00:00,25.385,25.475,25.515,25.3,13739
530,,2016-10-20 00:00:00,25.49,25.525,25.525,25.3,8032
531,,2016-10-21 00:00:00,25.505,25.55,25.58,25.44,7218
532,,2016-10-24 00:00:00,25.78,25.75,25.78,25.75,254
533,,2016-10-25 00:00:00,25.895,25.725,25.895,25.725,1714
534,,2016-10-26 00:00:00,25.63,25.485,25.63,25.375,13576
535,,2016-10-27 00:00:00,25.33,25.305,25.33,25.26,7073
536,,2016-10-28 00:00:00,25.155,25.245,25.29,25.155,4815
537,,2016-10-31 00:00:00,25.185,25.185,25.21,25.12,7019
538,,2016-11-01 00:00:00,25.23,24.725,25.26,24.725,2695
539,,2016-11-02 00:00:00,24.58,24.33,24.585,24.32,2385
540,,2016-11-03 00:00:00,24.325,24.32,24.475,24.32,3426
541,,2016-11-04 00:00:00,24.29,24.205,24.29,24.015,2705
542,,2016-11-07 00:00:00,24.785,25.03,25.03,24.67,22540
543,,2016-11-08 00:00:00,24.98,25.23,25.23,24.97,25181
544,,2016-11-09 00:00:00,24.22,24.85,24.85,24.215,90184
545,,2016-11-10 00:00:00,25.01,24.22,25.08,24.09,25369
546,,2016-11-11 00:00:00,24.08,23.485,24.08,23.4,67998
547,,2016-11-14 00:00:00,23.805,23.695,23.89,23.595,21373
548,,2016-11-15 00:00:00,23.84,24.125,24.16,23.79,1214
549,,2016-11-16 00:00:00,24.285,24.16,24.285,24.01,5786
550,,2016-11-17 00:00:00,24.21,24.465,24.465,24.165,13059
551,,2016-11-18 00:00:00,24.45,24.385,24.49,24.275,20436
552,,2016-11-21 00:00:00,24.36,24.57,24.6,24.325,13946
553,,2016-11-22 00:00:00,24.825,24.755,24.875,24.755,3011
554,,2016-11-23 00:00:00,24.835,24.68,24.86,24.68,7098
555,,2016-11-24 00:00:00,24.82,24.815,24.82,24.75,10730
556,,2016-11-25 00:00:00,24.79,24.79,24.85,24.79,22663
557,,2016-11-28 00:00:00,24.92,24.93,24.93,24.895,2863
558,,2016-11-29 00:00:00,24.93,24.87,24.955,24.82,12478
559,,2016-11-30 00:00:00,24.81,25.0,25.015,24.795,33056
560,,2016-12-01 00:00:00,24.975,24.725,24.975,24.72,6553
561,,2016-12-02 00:00:00,24.34,24.545,24.585,24.34,6492
562,,2016-12-05 00:00:00,24.595,24.555,24.615,24.555,711
563,,2016-12-06 00:00:00,24.485,24.6,24.62,24.485,6748
564,,2016-12-07 00:00:00,24.745,24.825,24.9,24.745,2559
565,,2016-12-08 00:00:00,25.07,25.355,25.355,24.91,3166
566,,2016-12-09 00:00:00,25.29,25.54,25.575,25.29,960
567,,2016-12-12 00:00:00,25.35,25.22,25.35,25.165,32311
568,,2016-12-13 00:00:00,25.105,25.295,25.37,25.105,1980
569,,2016-12-14 00:00:00,25.185,25.12,25.185,25.11,7827
570,,2016-12-15 00:00:00,25.145,25.165,25.19,25.02,1589
571,,2016-12-16 00:00:00,25.11,25.065,25.115,25.025,2083
572,,2016-12-19 00:00:00,25.0,24.965,25.04,24.95,1955
573,,2016-12-20 00:00:00,24.97,25.08,25.195,24.97,2200
574,,2016-12-21 00:00:00,25.045,24.92,25.045,24.895,10121
575,,2016-12-22 00:00:00,24.395,24.395,24.395,24.395,1277
576,,2016-12-23 00:00:00,24.575,24.545,24.575,24.49,3406
577,,2016-12-27 00:00:00,24.9,24.725,24.9,24.605,5215
578,,2016-12-28 00:00:00,24.55,25.005,25.025,24.55,9084
579,,2016-12-29 00:00:00,25.16,25.16,25.17,24.97,83399
580,,2016-12-30 00:00:00,25.155,24.945,25.155,24.945,606
581,,2017-01-02 00:00:00,25.1,25.155,25.25,25.1,1188
582,,2017-01-03 00:00:00,25.375,25.51,25.8,25.375,6518
583,,2017-01-04 00:00:00,25.57,25.575,25.58,25.57,210
584,,2017-01-05 00:00:00,25.58,25.55,25.675,25.5,1425
585,,2017-01-06 00:00:00,25.61,25.565,25.64,25.54,665
586,,2017-01-09 00:00:00,25.585,25.575,25.625,25.535,97503
587,,2017-01-10 00:00:00,25.56,25.765,25.765,25.56,12596
588,,2017-01-11 00:00:00,25.825,25.855,25.885,25.825,133
589,,2017-01-12 00:00:00,25.79,25.74,25.935,25.74,2246
590,,2017-01-13 00:00:00,25.85,25.92,25.92,25.8,1389
591,,2017-01-16 00:00:00,25.8,25.8,25.815,25.745,3220
592,,2017-01-17 00:00:00,25.785,25.69,25.785,25.65,1443
593,,2017-01-18 00:00:00,25.835,25.765,25.835,25.765,36
594,,2017-01-19 00:00:00,25.78,25.71,25.785,25.665,49154
595,,2017-01-20 00:00:00,25.64,25.61,25.725,25.61,12666
596,,2017-01-23 00:00:00,25.585,25.75,25.79,25.585,17499
597,,2017-01-24 00:00:00,25.805,25.995,26.01,25.805,342
598,,2017-01-25 00:00:00,26.115,26.25,26.26,26.1,66805
599,,2017-01-26 00:00:00,26.445,26.43,26.445,26.4,5989
600,,2017-01-27 00:00:00,26.36,26.295,26.36,26.265,2333
601,,2017-01-30 00:00:00,26.265,26.1,26.3,26.1,26477
602,,2017-01-31 00:00:00,26.115,25.935,26.115,25.935,2544
603,,2017-02-01 00:00:00,26.03,26.11,26.245,25.99,5389
604,,2017-02-02 00:00:00,26.0,26.095,26.095,25.97,2304
605,,2017-02-03 00:00:00,26.125,26.31,26.31,26.125,5092
606,,2017-02-06 00:00:00,26.455,26.39,26.47,26.39,2346
607,,2017-02-07 00:00:00,26.42,26.36,26.46,26.36,12817
608,,2017-02-08 00:00:00,26.465,26.45,26.505,26.45,2400
609,,2017-02-09 00:00:00,26.6,26.73,26.73,26.53,377
610,,2017-02-10 00:00:00,26.745,26.895,26.895,26.745,1040
611,,2017-02-13 00:00:00,26.94,27.135,27.135,26.94,639
612,,2017-02-14 00:00:00,27.125,27.125,27.18,27.07,5545
613,,2017-02-15 00:00:00,27.36,27.365,27.405,27.3,8017
614,,2017-02-16 00:00:00,27.315,27.15,27.325,27.15,36745
615,,2017-02-17 00:00:00,27.085,26.995,27.085,26.88,16310
616,,2017-02-20 00:00:00,27.18,27.21,27.23,27.14,7151
617,,2017-02-21 00:00:00,27.32,27.47,27.5,27.32,915
618,,2017-02-22 00:00:00,27.715,27.59,27.715,27.59,2388
619,,2017-02-23 00:00:00,27.65,27.6,27.705,27.6,28864
620,,2017-02-24 00:00:00,27.46,27.23,27.46,27.17,31348
621,,2017-02-27 00:00:00,27.26,27.115,27.26,27.1,867
622,,2017-02-28 00:00:00,27.14,26.925,27.14,26.925,2081
623,,2017-03-01 00:00:00,27.07,27.27,27.305,27.07,2603
624,,2017-03-02 00:00:00,27.31,27.11,27.31,27.11,793
625,,2017-03-03 00:00:00,26.955,27.0,27.0,26.86,7765
626,,2017-03-06 00:00:00,26.94,26.985,27.045,26.93,9177
627,,2017-03-07 00:00:00,27.085,27.09,27.12,27.04,6758
628,,2017-03-08 00:00:00,27.15,27.05,27.15,27.05,1988
629,,2017-03-09 00:00:00,26.89,26.64,26.89,26.61,3531
630,,2017-03-10 00:00:00,26.69,26.64,26.75,26.625,5230
631,,2017-03-13 00:00:00,26.82,27.035,27.035,26.82,6890
632,,2017-03-14 00:00:00,27.13,27.045,27.13,27.03,3543
633,,2017-03-15 00:00:00,27.07,27.185,27.185,27.07,2178
634,,2017-03-16 00:00:00,27.48,27.6,27.67,27.48,4965
635,,2017-03-17 00:00:00,27.525,27.54,27.54,27.445,1668
636,,2017-03-20 00:00:00,27.57,27.875,27.875,27.57,11496
637,,2017-03-21 00:00:00,27.81,27.515,27.885,27.5,26492
638,,2017-03-22 00:00:00,27.32,27.51,27.51,27.305,8073
639,,2017-03-23 00:00:00,27.46,27.62,27.62,27.46,3450
640,,2017-03-24 00:00:00,27.505,27.59,27.59,27.495,52
641,,2017-03-27 00:00:00,27.295,27.31,27.31,27.155,8678
642,,2017-03-28 00:00:00,27.33,27.49,27.49,27.33,20
643,,2017-03-29 00:00:00,27.54,27.755,27.755,27.53,4387
644,,2017-03-30 00:00:00,27.63,27.815,27.815,27.63,1432
645,,2017-03-31 00:00:00,27.685,27.61,27.685,27.61,110
646,,2017-04-03 00:00:00,27.725,27.78,27.8,27.705,2986
647,,2017-04-04 00:00:00,27.785,27.905,27.905,27.74,2136
648,,2017-04-05 00:00:00,27.915,27.965,28.055,27.91,5494
649,,2017-04-06 00:00:00,27.85,27.85,27.85,27.72,986
650,,2017-04-07 00:00:00,27.705,27.895,27.895,27.705,820
651,,2017-04-10 00:00:00,27.845,27.73,27.845,27.715,2355
652,,2017-04-11 00:00:00,27.715,27.545,27.715,27.54,962
653,,2017-04-12 00:00:00,27.73,27.685,27.85,27.685,18704
654,,2017-04-13 00:00:00,27.815,27.88,27.935,27.765,3643
655,,2017-04-18 00:00:00,27.73,27.47,27.73,27.44,4980
656,,2017-04-19 00:00:00,27.36,27.36,27.385,27.35,4467
657,,2017-04-20 00:00:00,27.325,27.335,27.34,27.295,8535
658,,2017-04-21 00:00:00,27.595,27.565,27.605,27.54,2532
659,,2017-04-24 00:00:00,27.575,27.545,27.575,27.5,1043
660,,2017-04-25 00:00:00,27.705,27.645,27.745,27.645,773
661,,2017-04-26 00:00:00,27.69,27.785,27.785,27.675,1246
662,,2017-04-27 00:00:00,27.605,27.66,27.725,27.585,5151
663,,2017-04-28 00:00:00,27.66,27.6,27.66,27.58,68
664,,2017-05-02 00:00:00,27.77,27.94,27.94,27.77,1975
665,,2017-05-03 00:00:00,27.915,27.785,27.915,27.73,5948
666,,2017-05-04 00:00:00,27.775,27.52,27.775,27.485,10095
667,,2017-05-05 00:00:00,27.26,27.42,27.45,27.26,25286
668,,2017-05-08 00:00:00,27.635,27.725,27.765,27.635,10626
669,,2017-05-09 00:00:00,27.81,28.155,28.185,27.81,1206
670,,2017-05-10 00:00:00,28.03,28.305,28.305,28.03,33903
671,,2017-05-11 00:00:00,28.395,28.295,28.395,28.255,3387
672,,2017-05-12 00:00:00,28.39,28.36,28.39,28.315,10117
673,,2017-05-15 00:00:00,28.395,28.415,28.415,28.355,27561
674,,2017-05-16 00:00:00,28.31,28.2,28.31,28.165,4063
675,,2017-05-17 00:00:00,27.99,27.635,28.035,27.635,10390
676,,2017-05-18 00:00:00,27.365,27.125,27.365,26.91,25540
677,,2017-05-19 00:00:00,27.47,27.47,27.485,27.47,5269
678,,2017-05-22 00:00:00,27.605,27.43,27.605,27.4,105
679,,2017-05-23 00:00:00,27.32,27.5,27.5,27.32,3051
680,,2017-05-24 00:00:00,27.665,27.665,27.665,27.525,1401
681,,2017-05-25 00:00:00,27.795,27.79,27.795,27.75,278
682,,2017-05-26 00:00:00,27.76,27.955,27.955,27.76,18
683,,2017-05-29 00:00:00,27.985,27.915,27.985,27.915,572
684,,2017-05-30 00:00:00,27.915,27.78,27.915,27.775,174
685,,2017-05-31 00:00:00,27.8,27.47,27.8,27.47,5282
686,,2017-06-01 00:00:00,27.575,27.685,27.685,27.575,2787
687,,2017-06-02 00:00:00,27.795,27.76,27.84,27.7,3437
688,,2017-06-05 00:00:00,27.835,27.81,27.86,27.795,794
689,,2017-06-06 00:00:00,27.77,27.735,27.79,27.72,6077
690,,2017-06-07 00:00:00,27.66,27.65,27.785,27.65,7792
691,,2017-06-08 00:00:00,27.795,27.925,27.99,27.795,9199
692,,2017-06-09 00:00:00,28.075,28.085,28.135,28.05,1673
693,,2017-06-12 00:00:00,27.71,27.665,27.71,27.55,3847
694,,2017-06-13 00:00:00,27.76,27.745,27.76,27.705,2608
695,,2017-06-14 00:00:00,27.755,27.77,27.84,27.755,160
696,,2017-06-15 00:00:00,27.695,27.615,27.695,27.53,102
697,,2017-06-16 00:00:00,27.69,27.51,27.69,27.51,2845
698,,2017-06-19 00:00:00,27.745,27.945,27.945,27.745,3342
699,,2017-06-20 00:00:00,27.98,27.825,27.98,27.79,7781
700,,2017-06-21 00:00:00,27.74,27.795,27.795,27.67,36152
701,,2017-06-22 00:00:00,27.75,27.93,27.93,27.75,1573
702,,2017-06-23 00:00:00,27.86,27.9,27.905,27.83,5800
703,,2017-06-26 00:00:00,28.075,28.09,28.16,28.075,1496
704,,2017-06-27 00:00:00,28.12,27.77,28.12,27.72,18605
705,,2017-06-28 00:00:00,27.37,27.575,27.575,27.37,5397
706,,2017-06-29 00:00:00,27.59,27.195,27.59,27.195,1021
707,,2017-06-30 00:00:00,27.175,27.35,27.4,27.175,14093
708,,2017-07-03 00:00:00,27.44,27.575,27.63,27.44,15402
709,,2017-07-04 00:00:00,27.335,27.46,27.46,27.335,6218
710,,2017-07-05 00:00:00,27.46,27.49,27.53,27.41,6947
711,,2017-07-06 00:00:00,27.46,27.175,27.485,27.125,9344
712,,2017-07-07 00:00:00,27.155,27.16,27.225,27.08,5613
713,,2017-07-10 00:00:00,27.285,27.445,27.445,27.26,25
714,,2017-07-11 00:00:00,27.57,27.49,27.6,27.49,4473
715,,2017-07-12 00:00:00,27.635,28.105,28.105,27.635,7810
716,,2017-07-13 00:00:00,28.145,28.315,28.35,28.145,13211
717,,2017-07-14 00:00:00,28.285,28.475,28.475,28.285,2765
718,,2017-07-17 00:00:00,28.49,28.395,28.49,28.37,4832
719,,2017-07-18 00:00:00,28.31,28.2,28.36,28.2,1077
720,,2017-07-19 00:00:00,28.475,28.57,28.57,28.475,100
721,,2017-07-20 00:00:00,28.515,28.265,28.56,28.265,5542
722,,2017-07-21 00:00:00,28.23,28.165,28.23,28.15,500
723,,2017-07-24 00:00:00,28.28,28.285,28.35,28.28,1888
724,,2017-07-25 00:00:00,28.29,28.295,28.34,28.29,218
725,,2017-07-26 00:00:00,28.305,28.355,28.36,28.28,6380
726,,2017-07-27 00:00:00,28.4,28.51,28.51,28.4,10284
727,,2017-07-28 00:00:00,28.13,28.015,28.13,28.0,736
728,,2017-07-31 00:00:00,28.22,27.97,28.22,27.97,8962
729,,2017-08-01 00:00:00,28.145,28.08,28.145,28.045,1404
730,,2017-08-02 00:00:00,28.065,27.905,28.085,27.83,6374
731,,2017-08-03 00:00:00,27.795,27.75,27.9,27.75,16172
732,,2017-08-04 00:00:00,27.885,28.155,28.155,27.885,7771
733,,2017-08-07 00:00:00,28.175,28.275,28.275,28.13,6213
734,,2017-08-08 00:00:00,28.35,28.6,28.6,28.34,756
735,,2017-08-09 00:00:00,28.255,28.125,28.255,28.125,7531
736,,2017-08-10 00:00:00,28.08,27.725,28.08,27.725,7911
737,,2017-08-11 00:00:00,27.48,27.41,27.48,27.24,10431
738,,2017-08-14 00:00:00,27.58,27.87,27.87,27.58,450
739,,2017-08-15 00:00:00,27.925,27.885,27.985,27.82,5474
740,,2017-08-16 00:00:00,27.96,28.195,28.195,27.96,0
741,,2017-08-17 00:00:00,28.015,28.03,28.23,28.015,6831
742,,2017-08-18 00:00:00,27.88,28.065,28.065,27.85,22
743,,2017-08-21 00:00:00,28.065,27.965,28.065,27.955,647
744,,2017-08-22 00:00:00,28.175,28.29,28.29,28.16,619
745,,2017-08-23 00:00:00,28.28,28.265,28.28,28.195,12902
746,,2017-08-24 00:00:00,28.365,28.365,28.48,28.365,6587
747,,2017-08-25 00:00:00,28.52,28.365,28.58,28.365,395
748,,2017-08-28 00:00:00,28.175,28.115,28.2,28.11,1530
749,,2017-08-29 00:00:00,27.765,27.84,27.84,27.59,308
750,,2017-08-30 00:00:00,28.145,28.205,28.21,28.145,7318
751,,2017-08-31 00:00:00,28.28,28.385,28.4,28.28,7275
752,,2017-09-01 00:00:00,28.445,28.57,28.57,28.335,28571
753,,2017-09-04 00:00:00,28.215,28.27,28.315,28.14,645
754,,2017-09-05 00:00:00,28.245,28.19,28.33,28.19,16633
755,,2017-09-06 00:00:00,28.07,28.15,28.15,28.07,1427
756,,2017-09-07 00:00:00,28.245,28.19,28.245,28.17,20756
757,,2017-09-08 00:00:00,28.15,28.055,28.15,28.055,182
758,,2017-09-11 00:00:00,28.35,28.5,28.5,28.32,350
759,,2017-09-12 00:00:00,28.52,28.59,28.64,28.52,2587
760,,2017-09-13 00:00:00,28.495,28.575,28.575,28.39,201
761,,2017-09-14 00:00:00,28.675,28.675,28.695,28.66,459
762,,2017-09-15 00:00:00,28.64,28.575,28.65,28.49,2650
763,,2017-09-18 00:00:00,28.98,28.82,28.98,28.82,2294
764,,2017-09-19 00:00:00,28.715,28.705,28.73,28.685,5003
765,,2017-09-20 00:00:00,28.7,28.71,28.715,28.675,2731
766,,2017-09-21 00:00:00,28.94,28.78,28.94,28.78,405
767,,2017-09-22 00:00:00,28.595,28.52,28.595,28.485,2599
768,,2017-09-25 00:00:00,28.505,28.355,28.565,28.355,10684
769,,2017-09-26 00:00:00,28.325,28.465,28.5,28.325,979
770,,2017-09-27 00:00:00,28.515,28.32,28.53,28.32,5399
771,,2017-09-28 00:00:00,28.305,28.215,28.305,28.15,3759
772,,2017-09-29 00:00:00,28.34,28.47,28.47,28.33,4131
773,,2017-10-02 00:00:00,28.63,28.755,28.82,28.515,9179
774,,2017-10-03 00:00:00,28.98,29.055,29.055,28.89,1821
775,,2017-10-04 00:00:00,29.135,29.135,29.135,29.1,547
776,,2017-10-05 00:00:00,29.1,29.47,29.47,29.1,823
777,,2017-10-06 00:00:00,29.43,29.235,29.43,29.23,9567
778,,2017-10-09 00:00:00,29.245,29.15,29.245,29.15,0
779,,2017-10-10 00:00:00,29.185,29.31,29.31,29.185,573
780,,2017-10-11 00:00:00,29.325,29.29,29.325,29.23,7658
781,,2017-10-12 00:00:00,29.38,29.42,29.45,29.38,498
782,,2017-10-13 00:00:00,29.45,29.66,29.66,29.44,955
783,,2017-10-16 00:00:00,29.785,29.74,29.8,29.74,994
784,,2017-10-17 00:00:00,29.795,29.665,29.8,29.64,20708
785,,2017-10-18 00:00:00,29.725,29.69,29.785,29.69,658
786,,2017-10-19 00:00:00,29.495,29.24,29.495,29.15,2042
787,,2017-10-20 00:00:00,29.465,29.53,29.53,29.46,5661
788,,2017-10-23 00:00:00,29.57,29.42,29.6,29.42,914
789,,2017-10-24 00:00:00,29.4,29.41,29.41,29.3,680
790,,2017-10-25 00:00:00,29.43,29.085,29.43,29.085,32
791,,2017-10-26 00:00:00,29.05,29.44,29.49,29.05,1137
792,,2017-10-27 00:00:00,29.495,29.815,29.815,29.495,5796
793,,2017-10-30 00:00:00,29.775,29.655,29.79,29.62,25268
794,,2017-10-31 00:00:00,29.795,29.81,29.84,29.795,10862
795,,2017-11-01 00:00:00,30.065,30.145,30.22,30.065,9617
796,,2017-11-02 00:00:00,30.095,29.965,30.095,29.9,9506
797,,2017-11-03 00:00:00,29.99,30.015,30.07,29.92,3400
798,,2017-11-06 00:00:00,30.02,30.27,30.27,30.02,1572
799,,2017-11-07 00:00:00,30.41,30.26,30.41,30.26,83
800,,2017-11-08 00:00:00,30.29,30.28,30.295,30.195,1039
801,,2017-11-09 00:00:00,30.29,30.0,30.335,30.0,2465
802,,2017-11-10 00:00:00,30.14,29.86,30.14,29.83,2029
803,,2017-11-13 00:00:00,29.955,29.83,29.955,29.7,238
804,,2017-11-14 00:00:00,29.7,29.395,29.7,29.395,22470
805,,2017-11-15 00:00:00,29.115,29.19,29.19,29.0,383
806,,2017-11-16 00:00:00,29.48,29.73,29.73,29.48,2321
807,,2017-11-17 00:00:00,29.73,29.875,29.91,29.7,51628
808,,2017-11-20 00:00:00,29.94,30.095,30.095,29.915,5663
809,,2017-11-21 00:00:00,30.24,30.615,30.615,30.235,4153
810,,2017-11-22 00:00:00,30.515,30.42,30.62,30.42,1948
811,,2017-11-23 00:00:00,30.125,30.215,30.215,30.12,2580
812,,2017-11-24 00:00:00,30.23,30.04,30.23,30.04,557
813,,2017-11-27 00:00:00,29.715,29.72,29.815,29.715,3405
814,,2017-11-28 00:00:00,29.815,29.96,29.975,29.815,3002
815,,2017-11-29 00:00:00,29.925,29.625,30.03,29.625,5987
816,,2017-11-30 00:00:00,29.395,29.295,29.59,29.25,1208
817,,2017-12-01 00:00:00,29.095,28.91,29.19,28.875,5176
818,,2017-12-04 00:00:00,29.32,29.25,29.38,29.17,429
819,,2017-12-05 00:00:00,29.205,29.37,29.37,29.125,2549
820,,2017-12-06 00:00:00,28.75,28.785,28.875,28.71,5251
821,,2017-12-07 00:00:00,28.89,28.975,28.975,28.86,1767
822,,2017-12-08 00:00:00,29.24,29.285,29.38,29.24,1397
823,,2017-12-11 00:00:00,29.39,29.415,29.465,29.375,8474
824,,2017-12-12 00:00:00,29.315,29.35,29.35,29.21,2705
825,,2017-12-13 00:00:00,29.58,29.575,29.64,29.44,6839
826,,2017-12-14 00:00:00,29.415,29.55,29.565,29.4,1192
827,,2017-12-15 00:00:00,29.495,29.52,29.52,29.285,3795
828,,2017-12-18 00:00:00,29.65,29.825,29.85,29.63,3526
829,,2017-12-19 00:00:00,29.81,29.65,29.82,29.65,3858
830,,2017-12-20 00:00:00,29.69,29.57,29.69,29.56,1170
831,,2017-12-21 00:00:00,29.5,29.74,29.76,29.5,6770
832,,2017-12-22 00:00:00,29.8,29.9,29.9,29.8,3939
833,,2017-12-27 00:00:00,29.845,29.975,29.98,29.845,3003
834,,2017-12-28 00:00:00,30.01,30.025,30.09,30.01,9249
835,,2017-12-29 00:00:00,30.155,30.015,30.155,29.98,3379
836,,2018-01-02 00:00:00,30.325,30.305,30.34,30.22,1199
837,,2018-01-03 00:00:00,30.53,30.735,30.775,30.53,1767
838,,2018-01-04 00:00:00,30.775,30.825,30.835,30.71,9679
839,,2018-01-05 00:00:00,30.865,31.14,31.14,30.855,1627
840,,2018-01-08 00:00:00,31.215,31.35,31.43,31.215,5855
841,,2018-01-09 00:00:00,31.44,31.44,31.5,31.345,4749
842,,2018-01-10 00:00:00,31.275,31.085,31.275,30.985,7106
843,,2018-01-11 00:00:00,31.135,30.975,31.135,30.97,955
844,,2018-01-12 00:00:00,31.105,31.155,31.155,30.94,1985
845,,2018-01-15 00:00:00,30.89,30.765,30.89,30.75,1515
846,,2018-01-16 00:00:00,31.005,31.1,31.16,31.005,3753
847,,2018-01-17 00:00:00,31.005,31.185,31.22,31.005,3387
848,,2018-01-18 00:00:00,31.315,31.265,31.325,31.24,55508
849,,2018-01-19 00:00:00,31.355,31.475,31.475,31.34,4262
850,,2018-01-22 00:00:00,31.56,31.585,31.585,31.46,1907
851,,2018-01-23 00:00:00,31.835,31.79,31.855,31.69,6465
852,,2018-01-24 00:00:00,31.74,31.58,31.82,31.58,32860
853,,2018-01-25 00:00:00,31.61,31.685,31.73,31.5,25732
854,,2018-01-26 00:00:00,31.72,31.995,31.995,31.72,10018
855,,2018-01-29 00:00:00,31.99,31.88,31.99,31.78,3033
856,,2018-01-30 00:00:00,31.51,31.205,31.51,31.09,4365
857,,2018-01-31 00:00:00,31.34,31.36,31.55,31.34,2017
858,,2018-02-01 00:00:00,31.405,31.04,31.455,31.025,8571
859,,2018-02-02 00:00:00,30.855,30.44,30.855,30.44,4473
860,,2018-02-05 00:00:00,30.305,30.255,30.365,30.08,4345
861,,2018-02-06 00:00:00,29.19,29.65,30.0,29.19,8189
862,,2018-02-07 00:00:00,29.485,30.08,30.115,29.475,21116
863,,2018-02-08 00:00:00,29.67,29.075,29.725,29.075,921
864,,2018-02-09 00:00:00,28.905,28.75,28.92,28.66,7475
865,,2018-02-12 00:00:00,29.1,29.25,29.36,29.1,12665
866,,2018-02-13 00:00:00,29.375,29.32,29.4,29.265,11482
867,,2018-02-14 00:00:00,29.64,29.72,29.815,29.415,7798
868,,2018-02-15 00:00:00,30.1,30.35,30.5,30.1,11969
869,,2018-02-16 00:00:00,30.59,30.745,30.75,30.495,6772
870,,2018-02-19 00:00:00,30.42,30.42,30.585,30.4,10704
871,,2018-02-20 00:00:00,30.205,30.35,30.35,30.095,14033
872,,2018-02-21 00:00:00,30.57,30.785,30.785,30.565,116
873,,2018-02-22 00:00:00,30.405,30.595,30.665,30.375,850
874,,2018-02-23 00:00:00,30.8,30.805,30.84,30.755,912
875,,2018-02-26 00:00:00,31.0,31.015,31.015,30.945,3573
876,,2018-02-27 00:00:00,30.855,30.72,30.92,30.715,6511
877,,2018-02-28 00:00:00,30.48,30.395,30.64,30.395,14019
878,,2018-03-01 00:00:00,30.54,30.47,30.6,30.37,6269
879,,2018-03-02 00:00:00,30.07,29.57,30.13,29.46,18913
880,,2018-03-05 00:00:00,29.675,29.91,29.91,29.64,3047
881,,2018-03-06 00:00:00,30.19,30.015,30.295,30.015,5350
882,,2018-03-07 00:00:00,29.825,29.97,29.97,29.715,1374
883,,2018-03-08 00:00:00,30.125,30.26,30.26,30.06,4031
884,,2018-03-09 00:00:00,30.425,30.8,30.8,30.425,367
885,,2018-03-12 00:00:00,30.985,30.98,31.08,30.9,416
886,,2018-03-13 00:00:00,31.085,30.71,31.085,30.71,922
887,,2018-03-14 00:00:00,30.805,30.63,30.905,30.63,5035
888,,2018-03-15 00:00:00,30.785,30.76,30.885,30.76,1326
889,,2018-03-16 00:00:00,30.7,30.765,30.865,30.68,4953
890,,2018-03-19 00:00:00,30.72,30.22,30.72,30.22,730
891,,2018-03-20 00:00:00,30.51,30.815,30.815,30.505,119
892,,2018-03-21 00:00:00,30.75,30.825,30.825,30.655,183
893,,2018-03-22 00:00:00,30.475,30.085,30.475,29.95,340
894,,2018-03-23 00:00:00,29.745,29.525,29.745,29.49,2683
895,,2018-03-26 00:00:00,29.71,29.44,29.84,29.4,20277
896,,2018-03-27 00:00:00,29.875,29.9,30.01,29.8,1075
897,,2018-03-28 00:00:00,29.4,29.265,29.4,29.11,840
898,,2018-03-29 00:00:00,29.535,29.835,29.835,29.535,560
899,,2018-04-03 00:00:00,29.685,29.745,29.865,29.67,2368
900,,2018-04-04 00:00:00,29.49,29.435,29.49,28.92,2351
901,,2018-04-05 00:00:00,29.945,30.185,30.185,29.8,473
902,,2018-04-06 00:00:00,29.645,29.585,29.72,29.48,724
903,,2018-04-09 00:00:00,29.775,29.55,29.775,29.375,218
904,,2018-04-10 00:00:00,29.77,29.7,29.77,29.55,529
905,,2018-04-11 00:00:00,29.58,29.645,29.645,29.35,1792
906,,2018-04-12 00:00:00,29.545,29.84,29.89,29.545,906
907,,2018-04-13 00:00:00,29.74,29.565,29.82,29.5,103
908,,2018-04-16 00:00:00,29.37,29.305,29.4,29.305,684
909,,2018-04-17 00:00:00,29.23,29.565,29.61,29.18,1479
910,,2018-04-18 00:00:00,29.475,29.72,29.72,29.475,704
911,,2018-04-19 00:00:00,29.86,29.695,29.86,29.695,106
912,,2018-04-20 00:00:00,29.58,29.475,29.76,29.475,11547
913,,2018-04-23 00:00:00,29.44,29.595,29.595,29.44,703
914,,2018-04-24 00:00:00,29.605,29.56,29.695,29.525,2282
915,,2018-04-25 00:00:00,29.2,29.055,29.2,28.93,2454
916,,2018-04-26 00:00:00,29.07,29.535,29.61,29.07,1814
917,,2018-04-27 00:00:00,29.77,29.83,29.875,29.77,328
918,,2018-04-30 00:00:00,30.0,30.02,30.08,30.0,70
919,,2018-05-02 00:00:00,29.95,29.84,29.95,29.835,624
920,,2018-05-03 00:00:00,29.64,29.265,29.72,29.25,2860
921,,2018-05-04 00:00:00,29.585,29.715,29.715,29.395,3080
922,,2018-05-07 00:00:00,29.685,29.75,29.75,29.685,905
923,,2018-05-08 00:00:00,29.88,29.8,29.91,29.8,1494
924,,2018-05-09 00:00:00,29.965,29.895,30.16,29.895,3040
925,,2018-05-10 00:00:00,30.185,30.54,30.54,30.16,1642
926,,2018-05-11 00:00:00,30.465,30.36,30.555,30.36,2428
927,,2018-05-14 00:00:00,30.435,30.46,30.5,30.4,5342
928,,2018-05-15 00:00:00,30.26,30.03,30.26,30.0,2390
929,,2018-05-16 00:00:00,30.18,30.53,30.61,30.18,1497
930,,2018-05-17 00:00:00,30.33,30.24,30.34,30.24,6172
931,,2018-05-18 00:00:00,30.26,29.925,30.26,29.91,8190
932,,2018-05-21 00:00:00,30.19,30.055,30.195,30.055,48
933,,2018-05-22 00:00:00,30.13,30.245,30.3,30.045,639
934,,2018-05-23 00:00:00,30.15,30.145,30.15,30.03,343
935,,2018-05-24 00:00:00,30.175,29.965,30.23,29.965,379
936,,2018-05-25 00:00:00,30.24,30.415,30.415,30.23,1651
937,,2018-05-28 00:00:00,30.5,30.445,30.53,30.39,617
938,,2018-05-29 00:00:00,30.3,30.2,30.3,30.105,109
939,,2018-05-30 00:00:00,29.9,29.825,29.9,29.73,2554
940,,2018-05-31 00:00:00,29.945,29.845,29.945,29.82,460
941,,2018-06-01 00:00:00,30.05,30.2,30.24,30.05,2563
942,,2018-06-04 00:00:00,30.5,30.54,30.56,30.365,16363
943,,2018-06-05 00:00:00,30.56,30.425,30.585,30.41,1085
944,,2018-06-06 00:00:00,30.495,30.45,30.55,30.365,31150
945,,2018-06-07 00:00:00,30.51,30.165,30.51,30.165,8446
946,,2018-06-08 00:00:00,29.93,30.015,30.015,29.8,2985
947,,2018-06-11 00:00:00,30.145,30.035,30.145,30.005,5192
948,,2018-06-12 00:00:00,30.18,30.045,30.18,29.995,2112
949,,2018-06-13 00:00:00,30.06,30.04,30.06,29.915,53
950,,2018-06-14 00:00:00,29.595,30.145,30.15,29.595,1278
951,,2018-06-15 00:00:00,30.12,29.565,30.12,29.565,13478
952,,2018-06-18 00:00:00,29.645,29.32,29.7,29.22,12173
953,,2018-06-19 00:00:00,28.95,29.125,29.125,28.9,31838
954,,2018-06-20 00:00:00,29.435,29.34,29.465,29.34,1643
955,,2018-06-21 00:00:00,29.27,28.925,29.27,28.86,3747
956,,2018-06-22 00:00:00,29.04,29.06,29.15,29.035,847
957,,2018-06-25 00:00:00,28.995,28.345,29.0,28.345,3479
958,,2018-06-26 00:00:00,28.65,28.45,28.66,28.45,641
959,,2018-06-27 00:00:00,28.33,28.35,28.54,28.23,1109
960,,2018-06-28 00:00:00,28.1,28.19,28.22,28.1,3725
961,,2018-06-29 00:00:00,28.655,28.61,28.73,28.605,1587
962,,2018-07-02 00:00:00,28.2,28.28,28.28,28.15,633
963,,2018-07-03 00:00:00,28.36,28.47,28.52,28.35,4188
964,,2018-07-04 00:00:00,28.28,28.29,28.375,28.265,108
965,,2018-07-05 00:00:00,28.145,28.15,28.395,28.055,1091
966,,2018-07-06 00:00:00,28.215,28.37,28.37,28.035,2057
967,,2018-07-09 00:00:00,28.685,28.78,28.82,28.64,1903
968,,2018-07-10 00:00:00,28.785,28.74,28.85,28.7,3116
969,,2018-07-11 00:00:00,28.4,28.395,28.515,28.35,4225
970,,2018-07-12 00:00:00,28.69,28.795,28.795,28.69,123
971,,2018-07-13 00:00:00,28.955,28.915,28.98,28.825,2215
972,,2018-07-16 00:00:00,28.76,28.58,28.78,28.55,5060
973,,2018-07-17 00:00:00,28.48,28.82,28.85,28.465,2503
974,,2018-07-18 00:00:00,28.83,28.865,28.93,28.83,14
975,,2018-07-19 00:00:00,28.72,28.63,28.725,28.52,5344
976,,2018-07-20 00:00:00,28.76,28.855,28.87,28.67,8212
977,,2018-07-23 00:00:00,28.695,28.63,28.725,28.62,16354
978,,2018-07-24 00:00:00,28.91,29.145,29.2,28.91,16263
979,,2018-07-25 00:00:00,29.13,29.325,29.325,29.13,89
980,,2018-07-26 00:00:00,29.185,29.405,29.405,29.185,1038
981,,2018-07-27 00:00:00,29.425,29.53,29.54,29.425,17104
982,,2018-07-30 00:00:00,29.35,29.25,29.4,29.25,6348
983,,2018-07-31 00:00:00,29.125,29.285,29.32,29.08,6906
984,,2018-08-01 00:00:00,29.27,29.26,29.35,29.13,10090
985,,2018-08-02 00:00:00,28.855,28.865,28.865,28.715,1852
986,,2018-08-03 00:00:00,28.935,29.25,29.25,28.935,202
987,,2018-08-06 00:00:00,29.2,29.16,29.295,29.13,9729
988,,2018-08-07 00:00:00,29.3,29.445,29.485,29.3,1487
989,,2018-08-08 00:00:00,29.335,29.26,29.375,29.26,349
990,,2018-08-09 00:00:00,29.29,29.39,29.39,29.29,474
991,,2018-08-10 00:00:00,29.18,29.105,29.195,28.96,10296
992,,2018-08-13 00:00:00,28.635,28.66,28.77,28.6,13006
993,,2018-08-14 00:00:00,28.745,28.785,28.8,28.705,3804
994,,2018-08-15 00:00:00,28.515,28.08,28.545,27.93,6244
995,,2018-08-16 00:00:00,28.21,28.32,28.32,28.15,975
996,,2018-08-17 00:00:00,28.23,28.085,28.265,27.99,1898
997,,2018-08-20 00:00:00,28.42,28.375,28.51,28.37,1908
998,,2018-08-21 00:00:00,28.505,28.56,28.56,28.475,1462
999,,2018-08-22 00:00:00,28.47,28.565,28.565,28.4,1335
1000,,2018-08-23 00:00:00,28.53,28.37,28.66,28.37,100
1001,,2018-08-24 00:00:00,28.405,28.6,28.62,28.405,2553
1002,,2018-08-27 00:00:00,28.78,28.99,29.0,28.78,11199
1003,,2018-08-28 00:00:00,28.885,28.76,28.905,28.76,588
1004,,2018-08-29 00:00:00,28.82,28.9,28.9,28.77,218
1005,,2018-08-30 00:00:00,28.75,28.405,28.75,28.405,3902
1006,,2018-08-31 00:00:00,28.32,28.42,28.42,28.28,5531
1007,,2018-09-03 00:00:00,28.525,28.41,28.545,28.38,6883
1008,,2018-09-04 00:00:00,28.54,28.16,28.54,28.15,2279
1009,,2018-09-05 00:00:00,27.775,27.55,27.775,27.55,9256
1010,,2018-09-06 00:00:00,27.45,27.535,27.705,27.42,593
1011,,2018-09-07 00:00:00,27.61,27.685,27.775,27.55,2260
1012,,2018-09-10 00:00:00,27.505,27.33,27.63,27.28,20158
1013,,2018-09-11 00:00:00,27.28,27.155,27.28,27.0,8969
1014,,2018-09-12 00:00:00,27.13,27.41,27.41,27.065,11192
1015,,2018-09-13 00:00:00,27.47,27.51,27.675,27.47,20853
1016,,2018-09-14 00:00:00,27.725,27.785,27.79,27.685,1777
1017,,2018-09-17 00:00:00,27.46,27.405,27.46,27.37,15313
1018,,2018-09-18 00:00:00,27.455,27.625,27.625,27.435,21900
1019,,2018-09-19 00:00:00,27.745,27.97,27.97,27.7,4061
1020,,2018-09-20 00:00:00,27.945,27.97,28.015,27.915,2231
1021,,2018-09-21 00:00:00,28.21,28.285,28.285,28.11,14856
1022,,2018-09-24 00:00:00,27.89,27.895,27.895,27.82,115
1023,,2018-09-25 00:00:00,27.88,27.99,27.99,27.845,2637
1024,,2018-09-26 00:00:00,28.06,28.245,28.275,28.06,27170
1025,,2018-09-27 00:00:00,28.225,28.495,28.5,28.225,496
1026,,2018-09-28 00:00:00,28.46,28.49,28.535,28.385,2548
1027,,2018-10-01 00:00:00,28.53,28.56,28.595,28.52,1784
1028,,2018-10-02 00:00:00,28.14,28.26,28.26,28.08,160
1029,,2018-10-03 00:00:00,28.295,28.34,28.365,28.225,988
1030,,2018-10-04 00:00:00,27.755,27.455,27.815,27.455,17253
1031,,2018-10-05 00:00:00,27.515,27.215,27.52,27.215,1144
1032,,2018-10-08 00:00:00,27.305,27.235,27.33,27.2,5592
1033,,2018-10-09 00:00:00,27.4,27.3,27.4,27.18,14554
1034,,2018-10-10 00:00:00,27.27,26.63,27.295,26.63,30143
1035,,2018-10-11 00:00:00,25.925,26.14,26.35,25.87,5911
1036,,2018-10-12 00:00:00,26.565,26.725,26.78,26.545,755
1037,,2018-10-15 00:00:00,26.485,26.57,26.57,26.39,7756
1038,,2018-10-16 00:00:00,26.515,27.005,27.005,26.515,1881
1039,,2018-10-17 00:00:00,27.14,26.925,27.14,26.8,1829
1040,,2018-10-18 00:00:00,26.705,26.425,26.8,26.425,3670
1041,,2018-10-19 00:00:00,26.78,26.635,26.87,26.635,1995
1042,,2018-10-22 00:00:00,26.895,26.89,27.025,26.825,14109
1043,,2018-10-23 00:00:00,26.465,26.28,26.465,26.185,25338
1044,,2018-10-24 00:00:00,26.37,26.255,26.63,26.255,10585
1045,,2018-10-25 00:00:00,25.98,26.485,26.485,25.95,4628
1046,,2018-10-26 00:00:00,26.015,26.05,26.05,25.8,2084
1047,,2018-10-29 00:00:00,26.25,25.91,26.445,25.91,3316
1048,,2018-10-30 00:00:00,25.97,25.985,26.02,25.77,22282
1049,,2018-10-31 00:00:00,26.4,26.535,26.59,26.4,18795
1050,,2018-11-01 00:00:00,26.715,27.175,27.175,26.715,1771
1051,,2018-11-02 00:00:00,27.745,27.435,27.9,27.435,1662
1052,,2018-11-05 00:00:00,27.335,27.455,27.555,27.335,15624
1053,,2018-11-06 00:00:00,27.45,27.39,27.5,27.28,10495
1054,,2018-11-07 00:00:00,27.405,27.66,27.705,27.405,6994
1055,,2018-11-08 00:00:00,27.74,27.535,27.74,27.52,1979
1056,,2018-11-09 00:00:00,27.18,26.94,27.18,26.925,12053
1057,,2018-11-12 00:00:00,27.205,26.75,27.205,26.75,18052
1058,,2018-11-13 00:00:00,27.265,27.205,27.265,26.96,1624
1059,,2018-11-14 00:00:00,26.845,27.005,27.22,26.845,3132
1060,,2018-11-15 00:00:00,27.355,27.48,27.48,27.21,3799
1061,,2018-11-16 00:00:00,27.39,27.295,27.39,27.295,295
1062,,2018-11-19 00:00:00,27.34,27.16,27.435,27.16,14220
1063,,2018-11-20 00:00:00,26.905,26.74,26.995,26.625,355
1064,,2018-11-21 00:00:00,26.985,27.25,27.25,26.985,59
1065,,2018-11-22 00:00:00,27.04,26.92,27.055,26.92,392
1066,,2018-11-23 00:00:00,26.935,27.04,27.04,26.935,2615
1067,,2018-11-26 00:00:00,27.275,27.305,27.38,27.25,8768
1068,,2018-11-27 00:00:00,27.31,27.485,27.485,27.22,764
1069,,2018-11-28 00:00:00,27.705,27.69,27.795,27.66,2818
1070,,2018-11-29 00:00:00,27.715,27.87,27.87,27.7,56004
1071,,2018-11-30 00:00:00,27.68,27.795,27.805,27.63,24704
1072,,2018-12-03 00:00:00,28.49,28.385,28.61,28.37,22117
1073,,2018-12-04 00:00:00,28.375,28.335,28.41,28.31,709
1074,,2018-12-05 00:00:00,28.02,27.935,28.105,27.935,1383
1075,,2018-12-06 00:00:00,27.43,26.985,27.43,26.985,16430
1076,,2018-12-07 00:00:00,27.31,27.265,27.42,27.265,3074
1077,,2018-12-10 00:00:00,26.93,26.515,26.93,26.495,16425
1078,,2018-12-11 00:00:00,26.84,27.035,27.23,26.8,4008
1079,,2018-12-12 00:00:00,27.305,27.55,27.615,27.305,3999
1080,,2018-12-13 00:00:00,27.635,27.525,27.65,27.44,409
1081,,2018-12-14 00:00:00,27.11,27.4,27.4,27.11,5772
1082,,2018-12-17 00:00:00,27.225,27.145,27.24,27.01,908
1083,,2018-12-18 00:00:00,26.9,26.95,27.0,26.865,176
1084,,2018-12-19 00:00:00,26.905,27.01,27.015,26.905,14604
1085,,2018-12-20 00:00:00,26.52,26.68,26.795,26.52,25990
1086,,2018-12-21 00:00:00,26.675,26.715,26.845,26.54,16176
1087,,2018-12-24 00:00:00,26.66,26.335,26.335,26.335,1637
1088,,2018-12-27 00:00:00,26.62,26.515,26.62,26.4,6024
1089,,2018-12-28 00:00:00,26.625,26.84,26.865,26.625,5976
1090,,2018-12-31 00:00:00,27.02,27.065,27.11,27.0,484
1091,,2019-01-02 00:00:00,26.255,27.015,27.03,26.19,23226
1092,,2019-01-03 00:00:00,26.565,26.44,26.72,26.35,1492
1093,,2019-01-04 00:00:00,26.795,27.18,27.22,26.79,858
1094,,2019-01-07 00:00:00,27.21,27.06,27.21,26.98,18020
1095,,2019-01-08 00:00:00,27.035,27.115,27.235,27.035,1125
1096,,2019-01-09 00:00:00,27.425,27.555,27.565,27.425,208
1097,,2019-01-10 00:00:00,27.385,27.665,27.665,27.35,4072
1098,,2019-01-11 00:00:00,27.62,27.755,27.765,27.56,811
1099,,2019-01-14 00:00:00,27.38,27.535,27.555,27.38,3695
1100,,2019-01-15 00:00:00,27.85,27.91,27.98,27.735,6051
1101,,2019-01-16 00:00:00,28.065,28.24,28.24,28.0,1102
1102,,2019-01-17 00:00:00,28.02,28.2,28.2,28.02,1938
1103,,2019-01-18 00:00:00,28.28,28.615,28.615,28.265,1467
1104,,2019-01-21 00:00:00,28.385,28.41,28.45,28.38,3266
1105,,2019-01-22 00:00:00,28.23,28.225,28.26,28.17,2147
1106,,2019-01-23 00:00:00,28.15,28.2,28.29,28.15,1957
1107,,2019-01-24 00:00:00,28.34,28.63,28.63,28.315,6408
1108,,2019-01-25 00:00:00,28.965,28.915,29.0,28.9,2714
1109,,2019-01-28 00:00:00,28.7,28.465,28.7,28.465,3411
1110,,2019-01-29 00:00:00,28.49,28.585,28.695,28.49,437
1111,,2019-01-30 00:00:00,28.785,28.775,28.845,28.725,18037
1112,,2019-01-31 00:00:00,29.105,29.335,29.335,29.105,7349
1113,,2019-02-01 00:00:00,29.21,29.13,29.215,29.1,2560
1114,,2019-02-04 00:00:00,29.19,29.35,29.38,29.13,3198
1115,,2019-02-05 00:00:00,29.31,29.51,29.51,29.31,23807
1116,,2019-02-06 00:00:00,29.7,29.55,29.78,29.55,1444
1117,,2019-02-07 00:00:00,29.4,29.01,29.44,29.01,546
1118,,2019-02-08 00:00:00,29.175,28.9,29.21,28.9,1423
1119,,2019-02-11 00:00:00,29.105,29.225,29.3,29.105,4269
1120,,2019-02-12 00:00:00,29.355,29.4,29.405,29.32,1537
1121,,2019-02-13 00:00:00,29.39,29.19,29.4,29.19,210
1122,,2019-02-14 00:00:00,29.3,29.02,29.3,28.99,1162
1123,,2019-02-15 00:00:00,28.91,29.215,29.215,28.855,529
1124,,2019-02-18 00:00:00,29.21,29.185,29.25,29.15,1153
1125,,2019-02-19 00:00:00,29.12,29.19,29.215,28.99,1383
1126,,2019-02-20 00:00:00,29.35,29.535,29.57,29.32,726
1127,,2019-02-21 00:00:00,29.485,29.28,29.53,29.28,2066
1128,,2019-02-22 00:00:00,29.56,29.74,29.76,29.56,2778
1129,,2019-02-25 00:00:00,29.9,30.09,30.105,29.9,8812
1130,,2019-02-26 00:00:00,29.825,29.86,29.87,29.695,4486
1131,,2019-02-27 00:00:00,29.615,29.585,29.65,29.485,8559
1132,,2019-02-28 00:00:00,29.35,29.255,29.405,29.255,85
1133,,2019-03-01 00:00:00,29.47,29.225,29.52,29.225,16767
1134,,2019-03-04 00:00:00,29.48,29.34,29.535,29.34,3594
1135,,2019-03-05 00:00:00,29.57,29.79,29.795,29.55,315
1136,,2019-03-06 00:00:00,29.76,29.73,29.8,29.715,6105
1137,,2019-03-07 00:00:00,29.46,29.44,29.46,29.375,55
1138,,2019-03-08 00:00:00,29.1,28.995,29.185,28.9,18058
1139,,2019-03-11 00:00:00,29.36,29.57,29.57,29.28,20851
1140,,2019-03-12 00:00:00,29.72,29.625,29.73,29.58,4410
1141,,2019-03-13 00:00:00,29.57,29.525,29.61,29.525,2835
1142,,2019-03-14 00:00:00,29.47,29.44,29.58,29.435,65909
1143,,2019-03-15 00:00:00,29.625,29.84,29.84,29.625,8287
1144,,2019-03-18 00:00:00,29.98,30.015,30.05,29.94,1711
1145,,2019-03-19 00:00:00,30.055,30.17,30.17,30.05,44702
1146,,2019-03-20 00:00:00,30.01,29.805,30.01,29.805,13729
1147,,2019-03-21 00:00:00,29.85,29.925,29.98,29.78,3865
1148,,2019-03-22 00:00:00,29.9,29.54,29.955,29.5,9325
1149,,2019-03-25 00:00:00,29.36,29.47,29.51,29.285,1532
1150,,2019-03-26 00:00:00,29.435,29.535,29.66,29.42,9616
1151,,2019-03-27 00:00:00,29.685,29.385,29.685,29.3,840
1152,,2019-03-28 00:00:00,29.395,29.46,29.46,29.37,96
1153,,2019-03-29 00:00:00,29.8,29.925,29.93,29.765,5487
1154,,2019-04-01 00:00:00,30.2,30.36,30.365,30.175,3205
1155,,2019-04-02 00:00:00,30.39,30.36,30.5,30.325,9810
1156,,2019-04-03 00:00:00,30.62,30.65,30.69,30.545,2997
1157,,2019-04-04 00:00:00,30.48,30.635,30.655,30.445,1608
1158,,2019-04-05 00:00:00,30.755,30.91,30.91,30.755,4353
1159,,2019-04-08 00:00:00,30.745,30.76,30.76,30.65,2507
1160,,2019-04-09 00:00:00,30.825,30.735,30.93,30.735,1059
1161,,2019-04-10 00:00:00,30.86,30.915,30.955,30.86,189
1162,,2019-04-11 00:00:00,30.78,30.54,30.78,30.54,2914
1163,,2019-04-12 00:00:00,30.55,30.685,30.75,30.55,1048
1164,,2019-04-15 00:00:00,30.625,30.48,30.64,30.455,9093
1165,,2019-04-16 00:00:00,30.7,30.745,30.805,30.695,2114
1166,,2019-04-17 00:00:00,30.855,30.79,30.985,30.79,3717
1167,,2019-04-18 00:00:00,30.63,30.95,30.95,30.63,7081
1168,,2019-04-23 00:00:00,30.745,30.915,30.94,30.695,2005
1169,,2019-04-24 00:00:00,30.8,30.675,30.88,30.59,13679
1170,,2019-04-25 00:00:00,30.635,30.65,30.65,30.465,3036
1171,,2019-04-26 00:00:00,30.66,30.785,30.785,30.6,335
1172,,2019-04-29 00:00:00,30.89,30.8,30.905,30.795,16590
1173,,2019-04-30 00:00:00,30.6,30.57,30.6,30.5,1276
1174,,2019-05-02 00:00:00,30.685,30.515,30.685,30.515,3795
1175,,2019-05-03 00:00:00,30.71,30.875,30.915,30.71,2838
1176,,2019-05-06 00:00:00,30.025,30.1,30.18,29.905,74728
1177,,2019-05-07 00:00:00,30.095,29.705,30.095,29.64,37865
1178,,2019-05-08 00:00:00,29.78,29.665,29.805,29.6,85
1179,,2019-05-09 00:00:00,29.195,28.645,29.195,28.645,86279
1180,,2019-05-10 00:00:00,29.25,28.76,29.25,28.725,29748
1181,,2019-05-13 00:00:00,28.725,28.17,28.725,28.15,6333
1182,,2019-05-14 00:00:00,28.465,28.695,28.695,28.455,1996
1183,,2019-05-15 00:00:00,28.865,28.72,28.865,28.55,8638
1184,,2019-05-16 00:00:00,28.64,28.875,28.875,28.55,2272
1185,,2019-05-17 00:00:00,28.35,28.395,28.395,28.265,135581
1186,,2019-05-20 00:00:00,28.375,28.145,28.375,28.1,7911
1187,,2019-05-21 00:00:00,28.385,28.345,28.4,28.245,5648
1188,,2019-05-22 00:00:00,28.415,28.39,28.46,28.35,2322
1189,,2019-05-23 00:00:00,28.1,28.04,28.145,27.975,11413
1190,,2019-05-24 00:00:00,28.07,27.915,28.135,27.88,981
1191,,2019-05-27 00:00:00,28.07,28.05,28.135,28.0,1574
1192,,2019-05-28 00:00:00,28.195,28.08,28.195,28.02,49438
1193,,2019-05-29 00:00:00,27.97,28.14,28.14,27.9,32786
1194,,2019-05-30 00:00:00,28.415,28.475,28.48,28.325,8723
1195,,2019-05-31 00:00:00,28.265,28.54,28.54,28.2,7986
1196,,2019-06-03 00:00:00,28.61,28.705,28.735,28.57,3995
1197,,2019-06-04 00:00:00,28.29,28.56,28.56,28.29,63703
1198,,2019-06-05 00:00:00,28.47,28.365,28.635,28.365,15306
1199,,2019-06-06 00:00:00,28.38,28.255,28.47,28.25,8243
1200,,2019-06-07 00:00:00,28.37,28.475,28.54,28.3,4187
1201,,2019-06-10 00:00:00,28.675,28.83,28.83,28.675,344
1202,,2019-06-11 00:00:00,28.915,29.05,29.105,28.915,6537
1203,,2019-06-12 00:00:00,28.845,28.8,28.87,28.785,1076
1204,,2019-06-13 00:00:00,28.735,28.805,28.935,28.735,48
1205,,2019-06-14 00:00:00,28.73,28.8,28.8,28.71,39048
1206,,2019-06-17 00:00:00,28.795,28.76,28.8,28.67,22800
1207,,2019-06-18 00:00:00,28.855,29.425,29.53,28.85,63362
1208,,2019-06-19 00:00:00,29.5,29.415,29.53,29.39,38819
1209,,2019-06-20 00:00:00,29.755,29.845,29.995,29.75,1104
1210,,2019-06-21 00:00:00,29.715,29.695,29.715,29.64,28021
1211,,2019-06-24 00:00:00,29.54,29.485,29.565,29.47,802
1212,,2019-06-25 00:00:00,29.29,29.325,29.35,29.29,1858
1213,,2019-06-26 00:00:00,29.33,29.455,29.51,29.29,16580
1214,,2019-06-27 00:00:00,29.705,29.605,29.73,29.585,8708
1215,,2019-06-28 00:00:00,29.635,29.59,29.685,29.59,1870
1216,,2019-07-01 00:00:00,30.13,30.15,30.27,30.09,6695
1217,,2019-07-02 00:00:00,30.13,30.095,30.145,30.035,3844
1218,,2019-07-03 00:00:00,29.97,29.975,30.035,29.955,2257
1219,,2019-07-04 00:00:00,30.13,30.215,30.215,30.115,949
1220,,2019-07-05 00:00:00,30.145,30.06,30.145,29.98,446
1221,,2019-07-08 00:00:00,29.795,29.895,29.925,29.725,3467
1222,,2019-07-09 00:00:00,29.695,29.795,29.795,29.665,4438
1223,,2019-07-10 00:00:00,29.8,29.945,30.0,29.8,12152
1224,,2019-07-11 00:00:00,30.015,29.89,30.055,29.885,11282
1225,,2019-07-12 00:00:00,29.905,29.84,29.93,29.8,11229
1226,,2019-07-15 00:00:00,29.985,30.0,30.0,29.92,11476
1227,,2019-07-16 00:00:00,30.11,30.18,30.24,30.11,4371
1228,,2019-07-17 00:00:00,30.145,29.995,30.145,29.995,5151
1229,,2019-07-18 00:00:00,29.925,29.98,30.03,29.885,1167
1230,,2019-07-19 00:00:00,30.185,30.16,30.255,30.16,199
1231,,2019-07-22 00:00:00,30.015,30.08,30.12,29.985,677
1232,,2019-07-23 00:00:00,30.185,30.205,30.225,30.175,673
1233,,2019-07-24 00:00:00,30.255,30.285,30.3,30.205,817
1234,,2019-07-25 00:00:00,30.355,30.08,30.5,29.995,7542
1235,,2019-07-26 00:00:00,30.16,30.13,30.18,30.11,1404
1236,,2019-07-29 00:00:00,29.98,29.965,30.06,29.94,1750
1237,,2019-07-30 00:00:00,30.095,29.79,30.095,29.75,2950
1238,,2019-07-31 00:00:00,29.72,29.76,29.81,29.72,173
1239,,2019-08-01 00:00:00,29.78,29.865,29.865,29.72,1544
1240,,2019-08-02 00:00:00,29.145,28.655,29.145,28.655,30234
1241,,2019-08-05 00:00:00,28.23,27.585,28.23,27.55,11712
1242,,2019-08-06 00:00:00,27.76,27.63,27.95,27.63,7696
1243,,2019-08-07 00:00:00,27.83,27.575,27.96,27.35,12690
1244,,2019-08-08 00:00:00,28.05,28.14,28.14,27.925,6018
1245,,2019-08-09 00:00:00,28.19,27.855,28.19,27.82,4301
1246,,2019-08-12 00:00:00,28.08,27.555,28.12,27.52,631
1247,,2019-08-13 00:00:00,27.475,27.975,28.115,27.3,8267
1248,,2019-08-14 00:00:00,27.87,27.46,27.87,27.425,13491
1249,,2019-08-15 00:00:00,27.59,27.56,27.62,27.22,19129
1250,,2019-08-16 00:00:00,27.855,27.975,28.0,27.855,2206
1251,,2019-08-19 00:00:00,28.32,28.19,28.34,28.15,754
1252,,2019-08-20 00:00:00,28.32,28.23,28.32,28.2,2014
1253,,2019-08-21 00:00:00,28.395,28.365,28.4,28.35,128
1254,,2019-08-22 00:00:00,28.25,28.095,28.28,28.095,6598
1255,,2019-08-23 00:00:00,28.325,27.69,28.345,27.69,8444
1256,,2019-08-26 00:00:00,27.605,27.755,27.85,27.6,4690
1257,,2019-08-27 00:00:00,27.715,27.885,27.96,27.655,9429
1258,,2019-08-28 00:00:00,27.8,27.925,27.925,27.775,27932
1259,,2019-08-29 00:00:00,27.755,28.245,28.245,27.755,4654
1260,,2019-08-30 00:00:00,28.35,28.595,28.6,28.35,1303
1261,,2019-09-02 00:00:00,28.66,28.635,28.76,28.635,1786
1262,,2019-09-03 00:00:00,28.52,28.565,28.585,28.47,6836
1263,,2019-09-04 00:00:00,28.84,28.855,28.925,28.765,48524
1264,,2019-09-05 00:00:00,29.095,29.175,29.18,29.02,22649
1265,,2019-09-06 00:00:00,29.25,29.33,29.35,29.25,4489
1266,,2019-09-09 00:00:00,29.405,29.37,29.405,29.315,11270
1267,,2019-09-10 00:00:00,29.285,29.255,29.33,29.245,6593
1268,,2019-09-11 00:00:00,29.43,29.68,29.685,29.43,16390
1269,,2019-09-12 00:00:00,29.725,29.765,30.075,29.66,20479
1270,,2019-09-13 00:00:00,29.76,29.875,29.885,29.76,2208
1271,,2019-09-16 00:00:00,29.545,29.91,29.91,29.545,1381
1272,,2019-09-17 00:00:00,29.63,29.585,29.63,29.455,29837
1273,,2019-09-18 00:00:00,29.66,29.535,29.665,29.535,3296
1274,,2019-09-19 00:00:00,29.47,29.62,29.62,29.4,24973
1275,,2019-09-20 00:00:00,29.605,29.75,29.765,29.605,422
1276,,2019-09-23 00:00:00,29.685,29.625,29.69,29.56,915
1277,,2019-09-24 00:00:00,29.65,29.42,29.665,29.42,62223
1278,,2019-09-25 00:00:00,29.245,29.405,29.405,29.13,2188
1279,,2019-09-26 00:00:00,29.455,29.475,29.605,29.445,3182
1280,,2019-09-27 00:00:00,29.535,29.545,29.56,29.47,154
1281,,2019-09-30 00:00:00,29.435,29.48,29.485,29.415,256
1282,,2019-10-01 00:00:00,29.525,29.195,29.54,29.195,4174
1283,,2019-10-02 00:00:00,29.13,28.76,29.13,28.76,19893
1284,,2019-10-03 00:00:00,29.025,28.935,29.025,28.76,1846
1285,,2019-10-04 00:00:00,28.97,29.025,29.12,28.885,770
1286,,2019-10-07 00:00:00,29.09,29.075,29.09,29.05,413
1287,,2019-10-08 00:00:00,29.23,28.92,29.23,28.84,1719
1288,,2019-10-09 00:00:00,28.88,29.02,29.1,28.88,8535
1289,,2019-10-10 00:00:00,28.995,29.28,29.32,28.97,5059
1290,,2019-10-11 00:00:00,29.39,29.78,29.78,29.39,863
1291,,2019-10-14 00:00:00,29.68,29.595,29.68,29.54,9692
1292,,2019-10-15 00:00:00,29.67,29.73,29.73,29.62,561
1293,,2019-10-16 00:00:00,29.645,29.705,29.75,29.6,1626
1294,,2019-10-17 00:00:00,29.715,29.73,29.875,29.715,1244
1295,,2019-10-18 00:00:00,29.63,29.55,29.63,29.55,449
1296,,2019-10-21 00:00:00,29.55,29.585,29.615,29.52,3193
1297,,2019-10-22 00:00:00,29.735,29.82,29.845,29.69,429
1298,,2019-10-23 00:00:00,29.7,29.78,29.78,29.655,1765
1299,,2019-10-24 00:00:00,29.86,29.995,29.995,29.855,1890
1300,,2019-10-25 00:00:00,29.905,30.115,30.115,29.84,1456
1301,,2019-10-28 00:00:00,30.185,30.32,30.34,30.175,806
1302,,2019-10-29 00:00:00,30.24,30.15,30.24,30.15,1655
1303,,2019-10-30 00:00:00,30.065,30.03,30.155,29.945,8969
1304,,2019-10-31 00:00:00,30.11,29.81,30.11,29.81,26562
1305,,2019-11-01 00:00:00,30.06,30.225,30.32,30.06,589
1306,,2019-11-04 00:00:00,30.555,30.675,30.7,30.555,1913
1307,,2019-11-05 00:00:00,30.855,31.015,31.045,30.85,1284
1308,,2019-11-06 00:00:00,30.99,31.035,31.06,30.925,163
1309,,2019-11-07 00:00:00,31.1,31.265,31.265,31.1,3262
1310,,2019-11-08 00:00:00,31.055,31.06,31.125,31.0,4735
1311,,2019-11-11 00:00:00,30.56,30.7,30.7,30.56,271
1312,,2019-11-12 00:00:00,30.835,30.725,30.835,30.7,12195
1313,,2019-11-13 00:00:00,30.535,30.405,30.535,30.3,956
1314,,2019-11-14 00:00:00,30.365,30.355,30.48,30.355,89
1315,,2019-11-15 00:00:00,30.53,30.605,30.605,30.455,577
1316,,2019-11-18 00:00:00,30.675,30.51,30.675,30.475,3449
1317,,2019-11-19 00:00:00,30.645,30.495,30.76,30.455,1663
1318,,2019-11-20 00:00:00,30.46,30.51,30.54,30.43,4027
1319,,2019-11-21 00:00:00,30.17,30.245,30.295,30.065,1400
1320,,2019-11-22 00:00:00,30.395,30.43,30.47,30.395,1843
1321,,2019-11-25 00:00:00,30.695,30.775,30.78,30.695,4741
1322,,2019-11-26 00:00:00,30.725,30.555,30.725,30.55,236
1323,,2019-11-27 00:00:00,30.765,30.705,30.765,30.64,5811
1324,,2019-11-28 00:00:00,30.71,30.66,30.71,30.63,2518
1325,,2019-11-29 00:00:00,30.35,30.29,30.485,30.29,1343
1326,,2019-12-02 00:00:00,30.335,30.015,30.43,30.015,1888
1327,,2019-12-03 00:00:00,30.125,29.76,30.175,29.7,2100
1328,,2019-12-04 00:00:00,29.91,30.12,30.165,29.88,8787
1329,,2019-12-05 00:00:00,30.195,30.19,30.195,30.1,360
1330,,2019-12-06 00:00:00,30.375,30.51,30.545,30.305,675
1331,,2019-12-09 00:00:00,30.58,30.475,30.58,30.475,250
1332,,2019-12-10 00:00:00,30.46,30.4,30.46,30.34,3669
1333,,2019-12-11 00:00:00,30.63,30.67,30.67,30.595,1018
1334,,2019-12-12 00:00:00,30.925,31.135,31.275,30.785,21000
1335,,2019-12-13 00:00:00,31.37,31.275,31.5,31.22,15464
1336,,2019-12-16 00:00:00,31.43,31.58,31.6,31.38,1575
1337,,2019-12-17 00:00:00,31.765,31.75,31.81,31.73,2745
1338,,2019-12-18 00:00:00,31.88,32.025,32.08,31.88,10205
1339,,2019-12-19 00:00:00,32.03,32.13,32.13,32.0,6974
1340,,2019-12-20 00:00:00,32.075,32.36,32.36,32.075,3869
1341,,2019-12-23 00:00:00,32.275,32.315,32.36,32.26,7788
1342,,2019-12-24 00:00:00,32.48,32.34,32.48,32.32,510
1343,,2019-12-27 00:00:00,32.565,32.46,32.66,32.425,3068
1344,,2019-12-30 00:00:00,32.39,32.215,32.48,32.215,2866
1345,,2019-12-31 00:00:00,32.15,32.02,32.16,32.02,1566
1346,,2020-01-02 00:00:00,32.35,32.695,32.76,32.35,2473
1347,,2020-01-03 00:00:00,32.505,32.52,32.645,32.365,11786
1348,,2020-01-06 00:00:00,32.24,32.25,32.26,32.035,6693
1349,,2020-01-07 00:00:00,32.38,32.43,32.44,32.345,16578
1350,,2020-01-08 00:00:00,32.215,32.49,32.49,32.215,1787
1351,,2020-01-09 00:00:00,32.925,32.945,33.01,32.91,10504
1352,,2020-01-10 00:00:00,33.07,33.06,33.19,33.01,47126
1353,,2020-01-13 00:00:00,33.295,33.325,33.4,33.255,10501
1354,,2020-01-14 00:00:00,33.225,33.26,33.405,33.15,3244
1355,,2020-01-15 00:00:00,33.175,33.055,33.22,33.05,1006
1356,,2020-01-16 00:00:00,33.19,33.235,33.3,33.14,13781
1357,,2020-01-17 00:00:00,33.335,33.475,33.54,33.335,2832
1358,,2020-01-20 00:00:00,33.435,33.44,33.48,33.4,15316
1359,,2020-01-21 00:00:00,32.835,32.875,32.9,32.725,18450
1360,,2020-01-22 00:00:00,33.18,33.035,33.18,33.025,1221
1361,,2020-01-23 00:00:00,32.75,32.515,32.775,32.515,4542
1362,,2020-01-24 00:00:00,33.0,32.775,33.05,32.695,6285
1363,,2020-01-27 00:00:00,31.86,31.42,31.86,31.21,10337
1364,,2020-01-28 00:00:00,31.65,31.805,31.805,31.42,1156
1365,,2020-01-29 00:00:00,32.06,31.945,32.16,31.945,1544
1366,,2020-01-30 00:00:00,31.285,31.19,31.445,31.09,1930
1367,,2020-01-31 00:00:00,31.24,30.595,31.265,30.59,7315
1368,,2020-02-03 00:00:00,30.83,31.055,31.195,30.8,7397
1369,,2020-02-04 00:00:00,31.73,32.1,32.1,31.73,4220
1370,,2020-02-05 00:00:00,31.85,32.275,32.57,31.85,11203
1371,,2020-02-06 00:00:00,32.61,32.45,32.62,32.345,957
1372,,2020-02-07 00:00:00,32.31,32.055,32.37,31.94,1701
1373,,2020-02-10 00:00:00,32.175,32.205,32.215,32.025,15608
1374,,2020-02-11 00:00:00,32.555,32.71,32.81,32.47,2711
1375,,2020-02-12 00:00:00,32.85,33.11,33.11,32.85,2709
1376,,2020-02-13 00:00:00,32.92,33.0,33.0,32.7,1327
1377,,2020-02-14 00:00:00,33.115,32.975,33.12,32.95,2381
1378,,2020-02-17 00:00:00,33.195,33.18,33.23,33.13,57027
1379,,2020-02-18 00:00:00,32.775,32.76,32.87,32.67,24886
1380,,2020-02-19 00:00:00,33.18,33.09,33.18,33.0,1839
1381,,2020-02-20 00:00:00,33.19,32.54,33.19,32.54,1656
1382,,2020-02-21 00:00:00,32.445,32.355,32.535,32.23,1200
1383,,2020-02-24 00:00:00,31.66,31.04,31.66,30.97,21245
1384,,2020-02-25 00:00:00,31.565,31.035,31.57,30.99,31022
1385,,2020-02-26 00:00:00,31.095,31.155,31.25,30.6,7054
1386,,2020-02-27 00:00:00,30.905,30.04,30.905,29.95,58798
1387,,2020-02-28 00:00:00,29.32,29.14,29.405,28.785,70031
1388,,2020-03-02 00:00:00,29.925,29.385,30.01,29.05,5964
1389,,2020-03-03 00:00:00,29.89,29.895,30.245,29.75,22857
1390,,2020-03-04 00:00:00,30.05,30.18,30.325,29.9,1749
1391,,2020-03-05 00:00:00,30.475,29.905,30.475,29.715,22816
1392,,2020-03-06 00:00:00,29.32,28.485,29.32,28.46,4103
1393,,2020-03-09 00:00:00,26.665,26.5,27.03,26.055,9531
1394,,2020-03-10 00:00:00,27.265,27.225,27.795,27.0,8278
1395,,2020-03-11 00:00:00,27.355,27.065,27.405,26.895,8974
1396,,2020-03-12 00:00:00,25.55,24.37,25.55,24.285,32776
1397,,2020-03-13 00:00:00,25.665,25.575,26.54,25.115,17297
1398,,2020-03-16 00:00:00,23.81,23.765,24.545,22.935,18909
1399,,2020-03-17 00:00:00,24.09,24.4,24.485,23.14,5514
1400,,2020-03-18 00:00:00,23.125,23.095,23.435,22.7,6824
1401,,2020-03-19 00:00:00,22.95,23.15,23.31,22.615,6703
1402,,2020-03-20 00:00:00,24.41,24.06,24.94,24.0,2749
1403,,2020-03-23 00:00:00,23.17,22.765,23.575,22.55,7852
1404,,2020-03-24 00:00:00,23.79,24.47,24.47,23.71,13347
1405,,2020-03-25 00:00:00,25.1,25.14,25.4,24.665,8045
1406,,2020-03-26 00:00:00,24.77,25.36,25.54,24.57,13271
1407,,2020-03-27 00:00:00,25.0,24.165,25.0,24.035,3216
1408,,2020-03-30 00:00:00,24.16,24.485,24.485,24.02,1646
1409,,2020-03-31 00:00:00,24.815,25.13,25.13,24.71,8259
1410,,2020-04-01 00:00:00,24.355,24.265,24.435,24.25,5380
1411,,2020-04-02 00:00:00,24.81,24.865,24.945,24.57,3021
1412,,2020-04-03 00:00:00,24.925,24.765,25.215,24.765,6973
1413,,2020-04-06 00:00:00,25.575,25.785,25.785,25.48,3616
1414,,2020-04-07 00:00:00,26.175,26.26,26.53,26.105,2423
1415,,2020-04-08 00:00:00,26.02,26.12,26.12,25.75,4311
1416,,2020-04-09 00:00:00,26.435,26.39,26.51,26.115,2047
1417,,2020-04-14 00:00:00,26.705,26.55,26.71,26.42,8499
1418,,2020-04-15 00:00:00,26.315,25.94,26.405,25.9,8780
1419,,2020-04-16 00:00:00,26.56,26.41,26.56,26.14,6337
1420,,2020-04-17 00:00:00,26.9,26.68,27.18,26.64,24655
1421,,2020-04-20 00:00:00,26.84,26.765,26.84,26.49,4041
1422,,2020-04-21 00:00:00,26.52,25.775,26.52,25.73,3622
1423,,2020-04-22 00:00:00,26.465,26.585,26.64,26.415,4657
1424,,2020-04-23 00:00:00,26.86,26.825,26.925,26.775,810
1425,,2020-04-24 00:00:00,26.72,26.32,26.725,26.28,1518
1426,,2020-04-27 00:00:00,26.895,26.845,26.895,26.685,932
1427,,2020-04-28 00:00:00,27.0,27.05,27.28,26.85,1029
1428,,2020-04-29 00:00:00,27.195,27.53,27.545,27.17,1451
1429,,2020-04-30 00:00:00,27.795,27.22,28.0,27.22,8474
1430,,2020-05-04 00:00:00,26.275,26.105,26.275,25.995,8825
1431,,2020-05-05 00:00:00,26.685,26.79,26.79,26.605,105203
1432,,2020-05-06 00:00:00,27.02,26.76,27.11,26.76,3725
1433,,2020-05-07 00:00:00,26.955,26.89,27.07,26.89,2192
1434,,2020-05-08 00:00:00,27.15,27.365,27.42,27.075,4366
1435,,2020-05-11 00:00:00,27.525,27.33,27.54,27.125,2412
1436,,2020-05-12 00:00:00,27.27,27.44,27.44,27.18,547
1437,,2020-05-13 00:00:00,27.2,27.195,27.38,27.17,632
1438,,2020-05-14 00:00:00,27.0,26.905,27.04,26.59,1019
1439,,2020-05-15 00:00:00,27.24,26.755,27.24,26.655,3308
1440,,2020-05-18 00:00:00,27.12,27.59,27.59,27.12,2494
1441,,2020-05-19 00:00:00,27.6,27.625,27.625,27.325,806
1442,,2020-05-20 00:00:00,27.515,27.715,27.715,27.415,2734
1443,,2020-05-21 00:00:00,27.41,27.27,27.425,27.2,570
1444,,2020-05-22 00:00:00,26.85,26.95,27.08,26.785,6234
1445,,2020-05-25 00:00:00,27.19,27.33,27.33,27.09,3653
1446,,2020-05-26 00:00:00,27.66,27.51,27.66,27.425,1659
1447,,2020-05-27 00:00:00,27.4,27.245,27.57,27.1,748
1448,,2020-05-28 00:00:00,27.29,27.16,27.3,27.155,5067
1449,,2020-05-29 00:00:00,26.92,26.835,27.08,26.835,8677
1450,,2020-06-01 00:00:00,27.775,27.65,27.775,27.45,1900
1451,,2020-06-02 00:00:00,27.9,28.235,28.33,27.9,2782
1452,,2020-06-03 00:00:00,28.5,28.875,28.89,28.43,1779
1453,,2020-06-04 00:00:00,28.545,28.33,28.635,28.25,4541
1454,,2020-06-05 00:00:00,28.48,29.15,29.15,28.48,16008
1455,,2020-06-08 00:00:00,28.905,28.93,29.0,28.75,3927
1456,,2020-06-09 00:00:00,29.08,28.76,29.18,28.61,3243
1457,,2020-06-10 00:00:00,28.99,28.885,29.025,28.76,2763
1458,,2020-06-11 00:00:00,28.57,28.01,28.57,28.0,8236
1459,,2020-06-12 00:00:00,27.82,28.295,28.425,27.82,2655
1460,,2020-06-15 00:00:00,27.65,27.81,27.845,27.6,2965
1461,,2020-06-16 00:00:00,28.42,28.45,28.84,28.28,15985
1462,,2020-06-17 00:00:00,28.515,28.705,28.795,28.515,4798
1463,,2020-06-18 00:00:00,28.72,28.775,28.83,28.6,10130
1464,,2020-06-19 00:00:00,29.015,29.035,29.165,28.975,1217
1465,,2020-06-22 00:00:00,29.15,28.955,29.15,28.86,8724
1466,,2020-06-23 00:00:00,29.085,29.235,29.245,29.085,5530
1467,,2020-06-24 00:00:00,29.2,28.805,29.3,28.805,1694
1468,,2020-06-25 00:00:00,28.76,28.895,29.005,28.61,1320
1469,,2020-06-26 00:00:00,29.14,28.765,29.185,28.705,3099
1470,,2020-06-29 00:00:00,28.59,28.73,28.775,28.5,10348
1471,,2020-06-30 00:00:00,28.895,28.745,28.935,28.73,1542
1472,,2020-07-01 00:00:00,29.155,28.905,29.155,28.77,2730
1473,,2020-07-02 00:00:00,29.35,29.685,29.78,29.35,3328
1474,,2020-07-03 00:00:00,30.0,29.905,30.08,29.905,581
1475,,2020-07-06 00:00:00,30.56,30.745,30.745,30.5,3215
1476,,2020-07-07 00:00:00,30.395,30.54,30.655,30.275,14549
1477,,2020-07-08 00:00:00,30.705,30.655,30.77,30.63,3358
1478,,2020-07-09 00:00:00,31.03,30.93,31.26,30.9,844
1479,,2020-07-10 00:00:00,30.785,30.755,30.885,30.735,1039
1480,,2020-07-13 00:00:00,31.12,31.1,31.12,30.98,2790
1481,,2020-07-14 00:00:00,30.445,30.33,30.445,30.05,5177
1482,,2020-07-15 00:00:00,30.44,30.485,30.66,30.42,3815
1483,,2020-07-16 00:00:00,29.9,29.995,30.02,29.78,3744
1484,,2020-07-17 00:00:00,30.25,30.165,30.25,30.095,2579
1485,,2020-07-20 00:00:00,30.07,30.48,30.48,30.045,1831
1486,,2020-07-21 00:00:00,30.97,30.895,31.18,30.895,1620
1487,,2020-07-22 00:00:00,30.75,30.325,30.78,30.225,1992
1488,,2020-07-23 00:00:00,30.48,30.355,30.515,30.305,5939
1489,,2020-07-24 00:00:00,29.65,29.82,29.93,29.565,9904
1490,,2020-07-27 00:00:00,29.82,29.915,30.0,29.755,698
1491,,2020-07-28 00:00:00,30.145,30.075,30.235,29.995,1217
1492,,2020-07-29 00:00:00,30.205,30.16,30.255,30.15,424
1493,,2020-07-30 00:00:00,30.14,29.74,30.14,29.68,913
1494,,2020-07-31 00:00:00,29.71,29.595,29.855,29.52,11482
1495,,2020-08-03 00:00:00,29.89,30.055,30.165,29.79,1789
1496,,2020-08-04 00:00:00,30.35,30.195,30.39,30.18,1281
1497,,2020-08-05 00:00:00,30.465,30.47,30.52,30.37,16715
1498,,2020-08-06 00:00:00,30.43,30.36,30.58,30.33,1115
1499,,2020-08-07 00:00:00,30.2,30.245,30.335,30.1,12571
1500,,2020-08-10 00:00:00,30.155,30.12,30.29,30.1,1155
1501,,2020-08-11 00:00:00,30.41,30.44,30.5,30.39,1661
1502,,2020-08-12 00:00:00,30.415,30.555,30.555,30.39,2438
1503,,2020-08-13 00:00:00,30.37,30.34,30.41,30.25,1075
1504,,2020-08-14 00:00:00,30.38,30.28,30.38,30.15,1083
1505,,2020-08-17 00:00:00,30.475,30.48,30.505,30.275,860
1506,,2020-08-18 00:00:00,30.275,30.24,30.44,30.24,561
1507,,2020-08-19 00:00:00,30.19,30.27,30.3,30.1,850
1508,,2020-08-20 00:00:00,29.835,29.765,29.93,29.73,2609
1509,,2020-08-21 00:00:00,30.17,30.32,30.32,30.13,1369
1510,,2020-08-24 00:00:00,30.68,30.56,30.76,30.54,2912
1511,,2020-08-25 00:00:00,30.875,30.805,30.875,30.65,648
1512,,2020-08-26 00:00:00,30.885,30.975,31.035,30.86,2531
1513,,2020-08-27 00:00:00,30.93,30.84,31.015,30.84,9648
1514,,2020-08-28 00:00:00,30.92,30.88,30.92,30.67,3611
1515,,2020-08-31 00:00:00,30.7,30.065,30.705,30.02,1149
1516,,2020-09-01 00:00:00,30.47,30.575,30.67,30.3,3193
1517,,2020-09-02 00:00:00,30.99,30.77,31.08,30.725,1964
1518,,2020-09-03 00:00:00,31.065,30.285,31.065,30.185,2012
1519,,2020-09-04 00:00:00,30.13,30.095,30.52,30.0,2161
1520,,2020-09-07 00:00:00,30.175,30.265,30.305,30.11,1134
1521,,2020-09-08 00:00:00,30.38,30.05,30.38,29.875,1247
1522,,2020-09-09 00:00:00,29.985,30.21,30.235,29.985,1491
1523,,2020-09-10 00:00:00,30.195,30.055,30.195,30.0,1188
1524,,2020-09-11 00:00:00,30.225,30.145,30.305,30.14,906
1525,,2020-09-14 00:00:00,30.545,30.425,30.6,30.325,2921
1526,,2020-09-15 00:00:00,30.7,30.885,30.9,30.615,5779
1527,,2020-09-16 00:00:00,30.935,31.035,31.035,30.87,2535
1528,,2020-09-17 00:00:00,30.815,30.685,30.815,30.57,2806
1529,,2020-09-18 00:00:00,30.855,30.505,30.9,30.505,986
1530,,2020-09-21 00:00:00,30.345,30.005,30.345,29.95,3104
1531,,2020-09-22 00:00:00,30.105,30.04,30.245,30.04,4269
1532,,2020-09-23 00:00:00,30.115,30.055,30.33,30.055,1048
1533,,2020-09-24 00:00:00,29.635,29.735,29.735,29.46,11164
1534,,2020-09-25 00:00:00,29.675,29.67,29.675,29.48,2736
1535,,2020-09-28 00:00:00,29.955,30.09,30.18,29.955,6713
1536,,2020-09-29 00:00:00,29.94,29.91,29.94,29.83,2143
1537,,2020-09-30 00:00:00,29.94,30.39,30.465,29.94,912
1538,,2020-10-01 00:00:00,30.64,30.565,30.75,30.5,4697
1539,,2020-10-02 00:00:00,30.275,30.535,30.605,30.2,1613
1540,,2020-10-05 00:00:00,30.47,30.5,30.5,30.35,2141
1541,,2020-10-06 00:00:00,30.54,30.79,30.84,30.525,1569
1542,,2020-10-07 00:00:00,31.0,31.045,31.07,30.955,8656
1543,,2020-10-08 00:00:00,31.08,31.165,31.265,31.08,3063
1544,,2020-10-09 00:00:00,31.22,31.405,31.465,31.15,3728
1545,,2020-10-12 00:00:00,31.48,31.675,31.715,31.48,1283
1546,,2020-10-13 00:00:00,31.675,31.685,31.785,31.58,3613
1547,,2020-10-14 00:00:00,31.665,31.705,31.78,31.6,12993
1548,,2020-10-15 00:00:00,31.455,31.305,31.455,31.1,11472
1549,,2020-10-16 00:00:00,31.44,31.48,31.585,31.4,3086
1550,,2020-10-19 00:00:00,31.635,31.485,31.68,31.41,992
1551,,2020-10-20 00:00:00,31.545,31.425,31.545,31.34,845
1552,,2020-10-21 00:00:00,31.555,31.52,31.605,31.35,3288
1553,,2020-10-22 00:00:00,31.445,31.51,31.66,31.445,848
1554,,2020-10-23 00:00:00,31.575,31.465,31.7,31.4,3460
1555,,2020-10-26 00:00:00,31.395,31.33,31.555,31.265,7593
1556,,2020-10-27 00:00:00,31.405,31.465,31.52,31.355,1083
1557,,2020-10-28 00:00:00,31.545,31.03,31.545,30.99,3704
1558,,2020-10-29 00:00:00,31.32,31.31,31.36,31.1,9889
1559,,2020-10-30 00:00:00,30.975,31.045,31.16,30.825,24255
1560,,2020-11-02 00:00:00,31.31,31.42,31.555,31.26,1345
1561,,2020-11-03 00:00:00,31.715,31.47,31.9,31.37,5374
1562,,2020-11-04 00:00:00,31.475,32.39,32.42,31.4,17489
1563,,2020-11-05 00:00:00,32.72,32.605,32.94,32.5,5928
1564,,2020-11-06 00:00:00,32.495,32.645,32.655,32.28,2195
1565,,2020-11-09 00:00:00,32.92,33.465,33.94,32.92,5298
1566,,2020-11-10 00:00:00,32.955,32.785,33.165,32.635,10001
1567,,2020-11-11 00:00:00,32.66,33.005,33.11,32.66,1956
1568,,2020-11-12 00:00:00,32.95,33.09,33.165,32.95,2129
1569,,2020-11-13 00:00:00,33.08,33.025,33.21,32.995,2330
1570,,2020-11-16 00:00:00,33.24,33.595,33.675,33.24,9765
1571,,2020-11-17 00:00:00,33.4,33.38,33.41,33.2,5370
1572,,2020-11-18 00:00:00,33.43,33.48,33.69,33.43,2708
1573,,2020-11-19 00:00:00,33.3,33.435,33.485,33.2,4071
1574,,2020-11-20 00:00:00,33.39,33.67,33.685,33.385,10365
1575,,2020-11-23 00:00:00,33.965,33.845,34.03,33.8,11125
1576,,2020-11-24 00:00:00,34.075,34.085,34.085,33.915,11699
1577,,2020-11-25 00:00:00,33.81,33.885,33.9,33.72,56948
1578,,2020-11-26 00:00:00,33.98,34.015,34.07,33.9,38434
1579,,2020-11-27 00:00:00,34.07,34.045,34.215,34.045,14828
1580,,2020-11-30 00:00:00,33.39,33.25,33.575,33.185,8059
1581,,2020-12-01 00:00:00,33.58,33.575,33.715,33.55,4379
1582,,2020-12-02 00:00:00,33.5,33.53,33.64,33.4,17321
1583,,2020-12-03 00:00:00,33.625,33.79,33.835,33.585,4298
1584,,2020-12-04 00:00:00,34.04,34.055,34.1,33.875,6761
1585,,2020-12-07 00:00:00,34.035,34.175,34.175,33.88,9143
1586,,2020-12-08 00:00:00,34.11,34.15,34.16,34.0,5692
1587,,2020-12-09 00:00:00,34.3,34.145,34.34,34.145,5442
1588,,2020-12-10 00:00:00,34.095,34.245,34.245,33.85,4550
1589,,2020-12-11 00:00:00,34.21,34.13,34.24,33.98,32968
1590,,2020-12-14 00:00:00,34.07,33.95,34.12,33.935,11744
1591,,2020-12-15 00:00:00,33.905,33.995,34.03,33.9,3235
1592,,2020-12-16 00:00:00,34.285,34.21,34.315,34.06,15176
1593,,2020-12-17 00:00:00,34.365,34.195,34.365,34.14,3217
1594,,2020-12-18 00:00:00,34.1,34.29,34.3,34.1,3516
1595,,2020-12-21 00:00:00,34.095,33.84,34.135,33.495,9503
1596,,2020-12-22 00:00:00,33.69,33.74,33.905,33.66,16772
1597,,2020-12-23 00:00:00,34.07,34.045,34.115,33.91,9334
1598,,2020-12-24 00:00:00,34.175,34.025,34.175,34.0,1634
1599,,2020-12-28 00:00:00,33.925,33.975,34.135,33.785,23508
1600,,2020-12-29 00:00:00,34.14,34.285,34.285,34.055,18989
1601,,2020-12-30 00:00:00,34.695,34.715,34.765,34.58,10293
1602,,2020-12-31 00:00:00,34.88,34.895,34.905,34.725,2705
1603,,2021-01-04 00:00:00,35.33,35.055,35.415,35.0,14616
1604,,2021-01-05 00:00:00,35.33,35.445,35.445,35.09,17074
1605,,2021-01-06 00:00:00,35.41,35.545,35.565,35.2,5005
1606,,2021-01-07 00:00:00,35.535,35.56,35.665,35.5,3671
1607,,2021-01-08 00:00:00,36.17,36.6,36.6,36.15,9371
1608,,2021-01-11 00:00:00,36.635,36.61,36.755,36.52,7183
1609,,2021-01-12 00:00:00,36.765,36.915,36.915,36.715,8337
1610,,2021-01-13 00:00:00,36.895,36.83,36.96,36.74,6880
1611,,2021-01-14 00:00:00,37.18,37.505,37.505,37.18,20380
1612,,2021-01-15 00:00:00,37.235,37.135,37.27,36.9,7662
1613,,2021-01-18 00:00:00,37.145,37.235,37.28,37.08,5899
1614,,2021-01-19 00:00:00,37.715,37.465,37.765,37.42,8303
1615,,2021-01-20 00:00:00,38.025,38.085,38.24,38.025,4679
1616,,2021-01-21 00:00:00,38.415,38.14,38.415,38.04,5743
1617,,2021-01-22 00:00:00,37.75,37.66,37.75,37.45,3376
1618,,2021-01-25 00:00:00,38.345,37.99,38.41,37.955,7210
1619,,2021-01-26 00:00:00,37.63,37.675,37.85,37.61,7714
1620,,2021-01-27 00:00:00,37.425,37.185,37.485,37.04,7178
1621,,2021-01-28 00:00:00,36.57,37.03,37.03,36.29,12553
1622,,2021-01-29 00:00:00,36.395,36.3,36.475,36.185,7988
1623,,2021-02-01 00:00:00,36.89,37.12,37.2,36.885,9928
1624,,2021-02-02 00:00:00,37.87,38.0,38.09,37.85,6236
1625,,2021-02-03 00:00:00,38.335,38.23,38.385,38.145,3755
1626,,2021-02-04 00:00:00,38.15,38.205,38.34,38.095,21248
1627,,2021-02-05 00:00:00,38.4,38.45,38.535,38.26,7465
1628,,2021-02-08 00:00:00,38.395,38.505,38.58,38.3,14868
1629,,2021-02-09 00:00:00,38.455,38.645,38.65,38.32,5596
1630,,2021-02-10 00:00:00,38.91,38.82,39.07,38.6,5527
1631,,2021-02-11 00:00:00,39.04,39.38,39.38,39.02,14011
1632,,2021-02-12 00:00:00,39.18,39.375,39.375,39.1,7454
1633,,2021-02-15 00:00:00,39.545,39.68,39.715,39.545,6766
1634,,2021-02-16 00:00:00,39.615,39.46,39.69,39.46,12408
1635,,2021-02-17 00:00:00,39.71,39.495,39.8,39.45,3040
1636,,2021-02-18 00:00:00,39.13,38.765,39.195,38.6,9980
1637,,2021-02-19 00:00:00,38.955,39.215,39.235,38.815,6591
1638,,2021-02-22 00:00:00,38.19,38.065,38.205,37.95,19114
1639,,2021-02-23 00:00:00,37.995,37.785,37.995,37.2,32597
1640,,2021-02-24 00:00:00,37.505,37.625,37.775,37.3,12117
1641,,2021-02-25 00:00:00,37.925,37.385,37.925,37.38,7653
1642,,2021-02-26 00:00:00,36.48,36.665,36.71,36.235,13645
1643,,2021-03-01 00:00:00,37.285,37.745,37.755,37.215,16605
1644,,2021-03-02 00:00:00,37.355,37.21,37.515,37.2,7184
1645,,2021-03-03 00:00:00,37.895,37.475,37.95,37.35,22209
1646,,2021-03-04 00:00:00,37.155,37.1,37.3,36.835,4344
1647,,2021-03-05 00:00:00,36.99,36.585,37.25,36.495,23367
1648,,2021-03-08 00:00:00,36.44,36.515,36.74,36.26,13195
1649,,2021-03-09 00:00:00,36.245,36.975,37.035,36.245,9647
1650,,2021-03-10 00:00:00,36.835,36.775,37.105,36.715,9902
1651,,2021-03-11 00:00:00,37.495,37.685,37.69,37.445,6647
1652,,2021-03-12 00:00:00,37.21,37.05,37.22,37.02,6606
1653,,2021-03-15 00:00:00,37.05,37.16,37.315,37.0,5816
1654,,2021-03-16 00:00:00,37.385,37.555,37.68,37.305,6608
1655,,2021-03-17 00:00:00,37.32,37.125,37.385,36.94,3859
1656,,2021-03-18 00:00:00,37.39,37.21,37.415,37.1,6034
1657,,2021-03-19 00:00:00,36.965,37.25,37.275,36.955,2500
1658,,2021-03-22 00:00:00,37.08,37.165,37.185,36.99,5545
1659,,2021-03-23 00:00:00,36.815,36.92,36.94,36.7,4512
1660,,2021-03-24 00:00:00,36.45,36.31,36.66,36.31,6332
1661,,2021-03-25 00:00:00,36.145,36.3,36.3,35.9,7032
1662,,2021-03-26 00:00:00,36.73,36.57,36.865,36.5,16269
1663,,2021-03-29 00:00:00,36.705,36.865,36.935,36.655,5006
1664,,2021-03-30 00:00:00,37.06,37.255,37.255,37.025,5151
1665,,2021-03-31 00:00:00,37.125,37.375,37.42,37.01,6292
1666,,2021-04-01 00:00:00,37.795,37.78,37.965,37.69,8806
1667,,2021-04-06 00:00:00,37.69,37.82,37.855,37.535,15472
1668,,2021-04-07 00:00:00,37.43,37.12,37.43,37.01,7817
1669,,2021-04-08 00:00:00,37.545,37.395,37.545,37.33,6290
1670,,2021-04-09 00:00:00,37.105,37.005,37.175,36.92,6647
1671,,2021-04-12 00:00:00,36.76,36.725,36.8,36.675,8363
1672,,2021-04-13 00:00:00,36.73,36.9,36.9,36.62,15028
1673,,2021-04-14 00:00:00,37.005,37.055,37.18,37.005,5136
1674,,2021-04-15 00:00:00,36.97,37.16,37.245,36.945,16583
1675,,2021-04-16 00:00:00,37.3,37.285,37.375,37.15,2740
1676,,2021-04-19 00:00:00,37.33,36.98,37.34,36.98,2804
1677,,2021-04-20 00:00:00,37.08,36.67,37.1,36.67,3776
1678,,2021-04-21 00:00:00,36.66,36.77,36.795,36.57,17072
1679,,2021-04-22 00:00:00,36.865,37.045,37.09,36.78,2855
1680,,2021-04-23 00:00:00,37.155,37.195,37.21,37.085,5689
1681,,2021-04-26 00:00:00,37.185,37.2,37.26,37.0,4708
1682,,2021-04-27 00:00:00,37.4,37.33,37.4,37.245,5422
1683,,2021-04-28 00:00:00,37.39,37.395,37.535,37.25,5339
1684,,2021-04-29 00:00:00,37.585,37.175,37.605,37.14,4961
1685,,2021-04-30 00:00:00,37.04,37.0,37.075,36.85,4159
1686,,2021-05-03 00:00:00,36.79,36.905,36.99,36.7,7618
1687,,2021-05-04 00:00:00,36.925,36.365,36.99,36.34,15438
1688,,2021-05-05 00:00:00,36.64,36.895,36.895,36.64,5919
1689,,2021-05-06 00:00:00,36.865,36.895,36.9,36.725,6659
1690,,2021-05-07 00:00:00,36.94,37.165,37.175,36.82,2780
1691,,2021-05-10 00:00:00,36.685,36.51,36.885,36.47,7947
1692,,2021-05-11 00:00:00,36.105,36.105,36.12,35.6,8455
1693,,2021-05-12 00:00:00,36.095,35.7,36.165,35.7,4988
1694,,2021-05-13 00:00:00,35.54,35.57,35.74,35.27,3524
1695,,2021-05-14 00:00:00,35.685,35.87,35.87,35.585,2376
1696,,2021-05-17 00:00:00,35.79,35.775,35.85,35.58,2893
1697,,2021-05-18 00:00:00,36.305,36.205,36.335,36.07,3753
1698,,2021-05-19 00:00:00,35.91,35.885,35.95,35.65,13181
1699,,2021-05-20 00:00:00,35.985,36.18,36.18,35.85,2427
1700,,2021-05-21 00:00:00,36.04,36.0,36.26,35.98,2413
1701,,2021-05-24 00:00:00,36.05,36.085,36.085,35.895,1751
1702,,2021-05-25 00:00:00,36.5,36.35,36.51,36.35,4459
1703,,2021-05-26 00:00:00,36.65,36.7,36.71,36.5,5524
1704,,2021-05-27 00:00:00,36.75,36.83,36.875,36.67,7725
1705,,2021-05-28 00:00:00,36.965,37.115,37.2,36.965,3597
1706,,2021-05-31 00:00:00,37.375,37.29,37.455,37.26,6453
1707,,2021-06-01 00:00:00,37.67,37.66,37.85,37.6,6145
1708,,2021-06-02 00:00:00,37.675,37.84,37.85,37.61,4630
1709,,2021-06-03 00:00:00,37.74,37.78,37.825,37.555,4086
1710,,2021-06-04 00:00:00,37.765,37.855,37.905,37.7,4151
1711,,2021-06-07 00:00:00,37.76,37.57,37.855,37.555,2545
1712,,2021-06-08 00:00:00,37.575,37.475,37.66,37.425,3094
1713,,2021-06-09 00:00:00,37.445,37.46,37.51,37.355,1221
1714,,2021-06-10 00:00:00,37.63,37.72,37.76,37.5,1984
1715,,2021-06-11 00:00:00,37.705,37.77,37.89,37.705,2851
1716,,2021-06-14 00:00:00,37.925,37.92,37.96,37.78,1772
1717,,2021-06-15 00:00:00,37.865,37.615,37.885,37.615,6571
1718,,2021-06-16 00:00:00,37.615,37.65,37.66,37.495,5137
1719,,2021-06-17 00:00:00,37.7,38.055,38.055,37.7,1093
1720,,2021-06-18 00:00:00,38.04,37.865,38.1,37.815,4091
1721,,2021-06-21 00:00:00,37.665,37.685,37.77,37.48,4914
1722,,2021-06-22 00:00:00,37.69,37.55,37.7,37.47,5771
1723,,2021-06-23 00:00:00,37.98,37.87,38.005,37.775,1675
1724,,2021-06-24 00:00:00,38.02,38.18,38.18,37.98,1505
1725,,2021-06-25 00:00:00,38.435,38.415,38.5,38.37,5547
1726,,2021-06-28 00:00:00,38.425,38.455,38.63,38.39,4311
1727,,2021-06-29 00:00:00,38.305,38.37,38.44,38.275,2165
1728,,2021-06-30 00:00:00,38.505,38.465,38.575,38.35,2203
1729,,2021-07-01 00:00:00,38.5,38.155,38.59,38.12,4659
1730,,2021-07-02 00:00:00,37.95,38.11,38.225,37.93,3269
1731,,2021-07-05 00:00:00,37.975,37.94,38.03,37.895,3538
1732,,2021-07-06 00:00:00,37.91,37.745,38.03,37.72,3830
1733,,2021-07-07 00:00:00,37.73,37.705,37.98,37.7,2451
1734,,2021-07-08 00:00:00,37.12,36.83,37.17,36.67,6964
1735,,2021-07-09 00:00:00,37.015,37.295,37.325,37.015,6879
1736,,2021-07-12 00:00:00,37.255,37.355,37.355,37.09,2192
1737,,2021-07-13 00:00:00,37.695,37.84,37.84,37.6,3364
1738,,2021-07-14 00:00:00,37.825,37.78,38.01,37.78,4688
1739,,2021-07-15 00:00:00,38.055,37.99,38.07,37.92,1588
1740,,2021-07-16 00:00:00,37.91,37.705,37.97,37.7,1368
1741,,2021-07-19 00:00:00,37.355,36.985,37.385,36.76,12717
1742,,2021-07-20 00:00:00,37.075,37.135,37.185,36.9,4932
1743,,2021-07-21 00:00:00,37.095,37.18,37.18,36.95,1701
1744,,2021-07-22 00:00:00,37.495,37.455,37.57,37.34,3206
1745,,2021-07-23 00:00:00,37.35,36.91,37.35,36.8,5423
1746,,2021-07-26 00:00:00,36.28,36.21,36.34,35.93,7925
1747,,2021-07-27 00:00:00,35.485,35.1,35.51,35.1,7181
1748,,2021-07-28 00:00:00,35.51,36.165,36.185,35.46,3112
1749,,2021-07-29 00:00:00,36.405,36.375,36.6,36.25,3289
1750,,2021-07-30 00:00:00,35.885,36.125,36.2,35.815,2062
1751,,2021-08-02 00:00:00,36.285,36.42,36.475,36.2,4344
1752,,2021-08-03 00:00:00,36.4,36.32,36.405,36.15,3080
1753,,2021-08-04 00:00:00,36.755,36.77,36.87,36.63,2801
1754,,2021-08-05 00:00:00,36.635,36.82,36.87,36.635,3129
1755,,2021-08-06 00:00:00,36.625,36.59,36.765,36.54,1921
1756,,2021-08-09 00:00:00,36.86,36.875,36.92,36.71,2838
1757,,2021-08-10 00:00:00,37.08,36.94,37.1,36.9,3485
1758,,2021-08-11 00:00:00,36.945,36.92,37.135,36.85,2490
1759,,2021-08-12 00:00:00,36.72,36.665,36.78,36.54,2795
1760,,2021-08-13 00:00:00,36.44,36.355,36.45,36.27,2014
1761,,2021-08-16 00:00:00,36.045,36.05,36.17,35.965,4964
1762,,2021-08-17 00:00:00,35.555,35.815,35.86,35.5,2225
1763,,2021-08-18 00:00:00,36.025,35.945,36.07,35.9,3752
1764,,2021-08-19 00:00:00,35.21,35.2,35.26,34.95,13448
1765,,2021-08-20 00:00:00,34.96,35.145,35.22,34.675,4419
1766,,2021-08-23 00:00:00,35.275,35.4,35.405,35.2,4986
1767,,2021-08-24 00:00:00,35.945,36.27,36.34,35.885,2680
1768,,2021-08-25 00:00:00,36.35,36.34,36.385,36.215,11831
1769,,2021-08-26 00:00:00,35.985,36.055,36.125,35.98,3257
1770,,2021-08-27 00:00:00,36.05,36.29,36.29,36.05,2096
1771,,2021-08-30 00:00:00,36.375,36.365,36.5,36.21,3105
1772,,2021-08-31 00:00:00,36.78,36.895,36.9,36.68,2253
1773,,2021-09-01 00:00:00,37.2,37.27,37.27,36.995,4917
1774,,2021-09-02 00:00:00,37.14,37.18,37.25,37.02,3589
1775,,2021-09-03 00:00:00,36.91,37.14,37.165,36.91,5937
1776,,2021-09-06 00:00:00,37.34,37.515,37.515,37.34,4447
1777,,2021-09-07 00:00:00,37.495,37.53,37.53,37.3,6283
1778,,2021-09-08 00:00:00,37.175,37.05,37.455,36.99,8406
1779,,2021-09-09 00:00:00,36.725,36.905,37.04,36.6,5337
1780,,2021-09-10 00:00:00,37.12,36.97,37.28,36.955,2161
1781,,2021-09-13 00:00:00,36.83,36.98,37.05,36.83,3615
1782,,2021-09-14 00:00:00,36.715,36.73,36.82,36.63,1431
1783,,2021-09-15 00:00:00,36.565,36.42,36.615,36.42,1530
1784,,2021-09-16 00:00:00,36.295,36.34,36.42,36.245,3360
1785,,2021-09-17 00:00:00,36.51,36.335,36.555,36.335,7747
1786,,2021-09-20 00:00:00,35.785,35.5,35.83,35.445,10019
1787,,2021-09-21 00:00:00,35.595,35.64,35.84,35.55,3672
1788,,2021-09-22 00:00:00,36.0,36.22,36.28,35.945,1462
1789,,2021-09-23 00:00:00,36.38,36.28,36.555,36.23,8208
1790,,2021-09-24 00:00:00,36.145,36.075,36.215,35.955,5026
1791,,2021-09-27 00:00:00,36.27,36.22,36.28,36.02,2990
1792,,2021-09-28 00:00:00,36.425,35.87,36.425,35.84,1368
1793,,2021-09-29 00:00:00,35.915,35.945,36.04,35.87,1035
1794,,2021-09-30 00:00:00,36.16,36.325,36.345,36.09,6284
1795,,2021-10-01 00:00:00,35.795,35.965,36.185,35.75,4040
1796,,2021-10-04 00:00:00,35.7,35.325,35.8,35.3,7004
1797,,2021-10-05 00:00:00,35.595,35.845,35.92,35.56,3640
1798,,2021-10-06 00:00:00,35.575,35.61,35.63,35.28,4256
1799,,2021-10-07 00:00:00,36.3,36.53,36.53,36.245,3620
1800,,2021-10-08 00:00:00,36.395,36.505,36.57,36.315,1126
1801,,2021-10-11 00:00:00,36.71,36.735,36.82,36.675,2496
1802,,2021-10-12 00:00:00,36.225,36.505,36.625,36.2,3565
1803,,2021-10-13 00:00:00,36.49,36.72,36.78,36.43,814
1804,,2021-10-14 00:00:00,36.815,36.785,36.96,36.745,5560
1805,,2021-10-15 00:00:00,37.005,37.31,37.31,37.0,8057
1806,,2021-10-18 00:00:00,37.115,37.2,37.235,37.0,2462
1807,,2021-10-19 00:00:00,37.405,37.505,37.505,37.29,5705
1808,,2021-10-20 00:00:00,37.475,37.52,37.655,37.41,2040
1809,,2021-10-21 00:00:00,37.22,37.18,37.305,37.155,2119
1810,,2021-10-22 00:00:00,37.345,37.155,37.445,37.155,4001
1811,,2021-10-25 00:00:00,37.28,37.465,37.5,37.25,5295
1812,,2021-10-26 00:00:00,37.575,37.435,37.66,37.435,2742
1813,,2021-10-27 00:00:00,37.195,37.125,37.2,37.0,3434
1814,,2021-10-28 00:00:00,37.025,36.69,37.07,36.675,1546
1815,,2021-10-29 00:00:00,36.46,36.68,36.68,36.4,4300
1816,,2021-11-01 00:00:00,36.63,36.85,36.9,36.6,3249
1817,,2021-11-02 00:00:00,36.635,36.575,36.65,36.54,5286
1818,,2021-11-03 00:00:00,36.55,36.56,36.605,36.46,2447
1819,,2021-11-04 00:00:00,36.915,36.72,37.035,36.7,3852
1820,,2021-11-05 00:00:00,36.695,36.745,36.99,36.635,6466
1821,,2021-11-08 00:00:00,36.855,36.895,36.985,36.81,5156
1822,,2021-11-09 00:00:00,36.895,36.85,37.0,36.78,5457
1823,,2021-11-10 00:00:00,37.1,37.165,37.23,36.9,6552
1824,,2021-11-11 00:00:00,37.38,37.765,37.765,37.285,2368
1825,,2021-11-12 00:00:00,37.8,37.86,37.87,37.72,4880
1826,,2021-11-15 00:00:00,37.85,37.895,38.0,37.835,13381
1827,,2021-11-16 00:00:00,38.2,38.155,38.28,38.0,4604
1828,,2021-11-17 00:00:00,38.36,38.095,38.375,38.05,6919
1829,,2021-11-18 00:00:00,37.77,37.495,37.98,37.3,10756
1830,,2021-11-19 00:00:00,37.63,37.615,37.74,37.475,4607
1831,,2021-11-22 00:00:00,37.84,37.54,37.84,37.54,2491
1832,,2021-11-23 00:00:00,37.48,37.26,37.54,37.2,7759
1833,,2021-11-24 00:00:00,37.535,37.465,37.55,37.265,2198
1834,,2021-11-25 00:00:00,37.615,37.545,37.655,37.46,1485
1835,,2021-11-26 00:00:00,36.525,35.735,36.525,35.735,10336
1836,,2021-11-29 00:00:00,36.375,36.12,36.43,36.1,6464
1837,,2021-11-30 00:00:00,35.86,35.965,36.1,35.615,11052
1838,,2021-12-01 00:00:00,36.325,36.77,36.815,36.295,12312
1839,,2021-12-02 00:00:00,36.695,36.67,36.78,36.4,7060
1840,,2021-12-03 00:00:00,36.67,36.155,36.695,36.08,10811
1841,,2021-12-06 00:00:00,36.21,36.32,36.355,35.91,5072
1842,,2021-12-07 00:00:00,36.815,37.065,37.085,36.8,10483
1843,,2021-12-08 00:00:00,36.935,36.96,37.1,36.8,3602
1844,,2021-12-09 00:00:00,37.125,37.05,37.125,36.82,2498
1845,,2021-12-10 00:00:00,36.77,36.77,37.015,36.765,2010
1846,,2021-12-13 00:00:00,36.82,36.31,36.95,36.31,2793
1847,,2021-12-14 00:00:00,36.415,36.2,36.425,36.08,6038
1848,,2021-12-15 00:00:00,36.23,35.86,36.265,35.86,7121
1849,,2021-12-16 00:00:00,36.41,36.3,36.58,36.24,1618
1850,,2021-12-17 00:00:00,36.06,36.16,36.245,35.76,5389
1851,,2021-12-20 00:00:00,35.405,35.32,35.58,35.31,5977
1852,,2021-12-21 00:00:00,35.845,36.065,36.095,35.695,3167
1853,,2021-12-22 00:00:00,36.04,36.135,36.135,35.91,5158
1854,,2021-12-23 00:00:00,36.265,36.385,36.395,36.145,2367
1855,,2021-12-24 00:00:00,36.23,36.195,36.285,36.15,1547
1856,,2021-12-27 00:00:00,36.265,36.51,36.61,36.265,4665
1857,,2021-12-28 00:00:00,36.515,36.465,36.635,36.45,7608
1858,,2021-12-29 00:00:00,36.39,36.155,36.515,36.02,3733
1859,,2021-12-30 00:00:00,36.2,36.615,36.615,36.17,3229
1860,,2021-12-31 00:00:00,36.78,36.715,36.8,36.655,327
1861,,2022-01-03 00:00:00,36.725,36.87,36.89,36.47,10722
1862,,2022-01-04 00:00:00,36.87,36.73,36.99,36.645,5081
1863,,2022-01-05 00:00:00,36.42,36.52,36.645,36.34,6179
1864,,2022-01-06 00:00:00,36.315,36.3,36.405,36.05,5907
1865,,2022-01-07 00:00:00,36.38,36.395,36.57,36.24,4399
1866,,2022-01-10 00:00:00,36.77,36.43,36.775,36.31,2646
1867,,2022-01-11 00:00:00,36.75,37.11,37.11,36.71,6079
1868,,2022-01-12 00:00:00,37.405,37.485,37.62,37.355,3927
1869,,2022-01-13 00:00:00,37.27,37.22,37.395,37.15,2324
1870,,2022-01-14 00:00:00,36.915,37.045,37.07,36.8,4771
1871,,2022-01-17 00:00:00,36.995,37.095,37.14,36.935,9832
1872,,2022-01-18 00:00:00,36.85,36.845,36.895,36.545,7740
1873,,2022-01-19 00:00:00,36.655,36.915,37.11,36.62,4757
1874,,2022-01-20 00:00:00,37.25,37.665,37.68,37.185,3884
1875,,2022-01-21 00:00:00,37.045,36.915,37.215,36.695,12778
1876,,2022-01-24 00:00:00,36.615,35.665,36.64,35.605,4931
1877,,2022-01-25 00:00:00,35.92,35.975,36.185,35.85,5752
1878,,2022-01-26 00:00:00,36.165,36.2,36.49,36.09,4341
1879,,2022-01-27 00:00:00,35.5,36.15,36.195,35.5,2675
1880,,2022-01-28 00:00:00,35.88,35.725,35.88,35.43,3085
1881,,2022-01-31 00:00:00,36.285,36.61,36.61,36.14,2223
1882,,2022-02-01 00:00:00,36.765,36.865,36.89,36.6,5418
1883,,2022-02-02 00:00:00,36.955,36.565,37.025,36.565,2379
1884,,2022-02-03 00:00:00,36.43,35.97,36.435,35.97,2480
1885,,2022-02-04 00:00:00,36.08,35.85,36.18,35.65,36214
1886,,2022-02-07 00:00:00,36.005,35.94,36.04,35.8,1699
1887,,2022-02-08 00:00:00,35.885,36.285,36.285,35.83,1681
1888,,2022-02-09 00:00:00,36.585,36.78,36.81,36.55,16107
1889,,2022-02-10 00:00:00,36.9,36.77,36.98,36.72,2844
1890,,2022-02-11 00:00:00,36.695,36.78,36.88,36.6,2186
1891,,2022-02-14 00:00:00,36.2,36.285,36.42,35.91,3704
1892,,2022-02-15 00:00:00,36.38,36.76,36.76,36.38,1234
1893,,2022-02-16 00:00:00,36.93,36.93,37.0,36.79,1322
1894,,2022-02-17 00:00:00,37.06,36.95,37.07,36.845,1035
1895,,2022-02-18 00:00:00,36.715,36.415,36.75,36.36,10169
1896,,2022-02-21 00:00:00,36.41,36.14,36.415,36.045,9947
1897,,2022-02-22 00:00:00,35.75,35.915,36.145,35.69,3534
1898,,2022-02-23 00:00:00,36.06,35.78,36.14,35.74,3144
1899,,2022-02-24 00:00:00,34.755,34.535,34.755,34.22,9226
1900,,2022-02-25 00:00:00,35.12,35.33,35.435,35.0,4218
1901,,2022-02-28 00:00:00,35.165,35.19,35.25,34.85,3586
1902,,2022-03-01 00:00:00,35.555,35.365,35.605,35.14,8350
1903,,2022-03-02 00:00:00,35.18,35.22,35.415,35.005,2797
1904,,2022-03-03 00:00:00,35.06,34.905,35.26,34.9,11390
1905,,2022-03-04 00:00:00,34.815,34.425,34.835,34.4,5702
1906,,2022-03-07 00:00:00,33.915,33.84,34.1,33.685,7757
1907,,2022-03-08 00:00:00,33.36,33.37,33.7,33.235,8881
1908,,2022-03-09 00:00:00,33.53,33.74,33.855,33.53,2207
1909,,2022-03-10 00:00:00,33.855,33.29,33.915,33.29,1324
1910,,2022-03-11 00:00:00,33.52,33.145,33.75,33.145,2755
1911,,2022-03-14 00:00:00,32.64,32.27,32.75,32.15,17513
1912,,2022-03-15 00:00:00,31.455,32.02,32.055,31.15,3377
1913,,2022-03-16 00:00:00,33.075,33.92,34.0,33.075,6773
1914,,2022-03-17 00:00:00,34.365,33.895,34.365,33.715,3486
1915,,2022-03-18 00:00:00,34.065,34.635,34.65,34.0,1406
1916,,2022-03-21 00:00:00,34.05,34.18,34.415,34.02,6739
1917,,2022-03-22 00:00:00,34.79,34.89,34.965,34.72,978
1918,,2022-03-23 00:00:00,34.95,34.985,35.075,34.685,1650
1919,,2022-03-24 00:00:00,34.965,34.875,34.975,34.72,5054
1920,,2022-03-25 00:00:00,34.5,34.6,34.66,34.39,2751
1921,,2022-03-28 00:00:00,34.69,34.67,34.92,34.67,2698
1922,,2022-03-29 00:00:00,34.845,34.98,35.015,34.745,1713
1923,,2022-03-30 00:00:00,35.065,34.97,35.065,34.81,1997
1924,,2022-03-31 00:00:00,34.685,34.66,34.855,34.6,2755
1925,,2022-04-01 00:00:00,34.93,35.135,35.355,34.87,4441
1926,,2022-04-04 00:00:00,35.57,35.905,35.97,35.5,5393
1927,,2022-04-05 00:00:00,36.035,35.61,36.07,35.525,2139
1928,,2022-04-06 00:00:00,35.62,35.065,35.62,35.05,1265
1929,,2022-04-07 00:00:00,35.075,34.71,35.125,34.69,3009
1930,,2022-04-08 00:00:00,35.15,35.08,35.31,35.07,2261
1931,,2022-04-11 00:00:00,34.49,34.62,34.785,34.32,3376
1932,,2022-04-12 00:00:00,34.63,34.84,34.9,34.5,2287
1933,,2022-04-13 00:00:00,34.95,34.97,35.01,34.85,3477
1934,,2022-04-14 00:00:00,34.855,34.85,34.94,34.73,2426
1935,,2022-04-19 00:00:00,34.705,34.4,34.705,34.16,4081
1936,,2022-04-20 00:00:00,34.38,34.135,34.47,34.1,1530
1937,,2022-04-21 00:00:00,33.955,33.78,34.075,33.78,1941
1938,,2022-04-22 00:00:00,33.795,33.68,33.9,33.635,4465
1939,,2022-04-25 00:00:00,33.04,33.115,33.25,32.9,7402
1940,,2022-04-26 00:00:00,33.405,33.0,33.455,32.965,1175
1941,,2022-04-27 00:00:00,33.37,33.385,33.61,33.25,2390
1942,,2022-04-28 00:00:00,33.905,33.705,34.13,33.685,11405
1943,,2022-04-29 00:00:00,34.765,34.565,34.865,34.48,3355
1944,,2022-05-02 00:00:00,34.235,34.035,34.495,33.965,3418
1945,,2022-05-03 00:00:00,34.4,34.315,34.445,34.185,13179
1946,,2022-05-04 00:00:00,34.22,33.745,34.255,33.745,5445
1947,,2022-05-05 00:00:00,34.31,33.43,34.31,33.43,1977
1948,,2022-05-06 00:00:00,33.28,32.99,33.28,32.73,6590
1949,,2022-05-09 00:00:00,32.75,32.155,32.775,32.155,2959
1950,,2022-05-10 00:00:00,32.5,32.03,32.555,32.025,2968
1951,,2022-05-11 00:00:00,32.535,32.525,32.72,32.27,3962
1952,,2022-05-12 00:00:00,31.9,32.335,32.42,31.835,2057
1953,,2022-05-13 00:00:00,32.755,32.945,33.05,32.65,1958
1954,,2022-05-16 00:00:00,32.79,32.905,32.95,32.66,3608
1955,,2022-05-17 00:00:00,33.42,33.28,33.515,33.16,1620
1956,,2022-05-18 00:00:00,33.39,33.025,33.48,33.025,750
1957,,2022-05-19 00:00:00,32.745,32.805,32.885,32.48,7617
1958,,2022-05-20 00:00:00,33.33,33.08,33.375,33.0,1804
1959,,2022-05-23 00:00:00,33.09,33.035,33.2,32.83,4351
1960,,2022-05-24 00:00:00,32.315,32.02,32.44,31.945,2219
1961,,2022-05-25 00:00:00,32.47,32.42,32.5,32.28,1091
1962,,2022-05-26 00:00:00,32.295,32.8,32.915,32.295,2089
1963,,2022-05-27 00:00:00,32.865,33.34,33.34,32.865,3002
1964,,2022-05-30 00:00:00,33.72,33.715,33.845,33.68,1669
1965,,2022-05-31 00:00:00,33.99,33.93,34.26,33.93,5644
1966,,2022-06-01 00:00:00,34.01,33.78,34.06,33.775,2296
1967,,2022-06-02 00:00:00,33.83,33.99,33.99,33.69,1446
1968,,2022-06-03 00:00:00,34.045,33.585,34.06,33.47,3727
1969,,2022-06-06 00:00:00,33.935,34.065,34.245,33.77,1239
1970,,2022-06-07 00:00:00,33.825,33.8,33.88,33.72,1968
1971,,2022-06-08 00:00:00,34.25,34.095,34.25,33.9,1641
1972,,2022-06-09 00:00:00,34.04,33.78,34.355,33.73,2114
1973,,2022-06-10 00:00:00,33.945,33.535,34.16,33.535,1195
1974,,2022-06-13 00:00:00,33.105,32.69,33.16,32.645,2481
1975,,2022-06-14 00:00:00,33.315,33.16,33.315,32.89,1510
1976,,2022-06-15 00:00:00,33.18,33.39,33.39,33.03,3051
1977,,2022-06-16 00:00:00,33.135,32.265,33.135,32.18,4460
1978,,2022-06-17 00:00:00,32.575,32.525,32.815,32.39,998
1979,,2022-06-20 00:00:00,32.49,32.495,32.495,32.325,708
1980,,2022-06-21 00:00:00,32.73,32.865,32.905,32.7,5919
1981,,2022-06-22 00:00:00,32.245,32.24,32.32,32.09,2414
1982,,2022-06-23 00:00:00,32.215,32.38,32.55,32.16,687
1983,,2022-06-24 00:00:00,32.77,32.91,32.94,32.66,1595
1984,,2022-06-27 00:00:00,33.205,33.01,33.325,33.01,4356
1985,,2022-06-28 00:00:00,33.305,33.19,33.54,33.15,6362
1986,,2022-06-29 00:00:00,32.89,32.975,33.06,32.77,888
1987,,2022-06-30 00:00:00,32.795,32.705,32.86,32.575,1638
1988,,2022-07-01 00:00:00,32.405,32.735,32.905,32.365,4090
1989,,2022-07-04 00:00:00,32.61,32.725,32.745,32.51,1881
1990,,2022-07-05 00:00:00,32.78,32.625,32.89,32.53,1795
1991,,2022-07-06 00:00:00,32.725,32.875,33.115,32.68,1062
1992,,2022-07-07 00:00:00,33.28,33.87,33.91,33.28,2823
1993,,2022-07-08 00:00:00,33.75,33.895,33.93,33.6,6788
1994,,2022-07-11 00:00:00,33.32,33.195,33.44,33.15,1282
1995,,2022-07-12 00:00:00,33.105,33.205,33.235,32.995,1609
1996,,2022-07-13 00:00:00,33.19,33.005,33.28,32.78,1863
1997,,2022-07-14 00:00:00,33.18,32.78,33.22,32.75,626
1998,,2022-07-15 00:00:00,32.78,32.78,32.825,32.57,1919
1999,,2022-07-18 00:00:00,33.245,33.145,33.275,33.07,21420
2000,,2022-07-19 00:00:00,32.965,33.07,33.07,32.72,721
2001,,2022-07-20 00:00:00,33.09,33.18,33.18,32.95,676
2002,,2022-07-21 00:00:00,33.12,33.325,33.43,33.1,1507
2003,,2022-07-22 00:00:00,33.365,33.255,33.555,33.25,47146
2004,,2022-07-25 00:00:00,33.225,33.2,33.275,33.08,1187
2005,,2022-07-26 00:00:00,33.41,33.345,33.545,33.305,3118
2006,,2022-07-27 00:00:00,33.42,33.585,33.61,33.4,1052
2007,,2022-07-28 00:00:00,33.62,33.67,33.785,33.425,12655
2008,,2022-07-29 00:00:00,33.27,33.38,33.535,33.27,6568
2009,,2022-08-01 00:00:00,33.5,33.165,33.56,33.02,6300
2010,,2022-08-02 00:00:00,32.99,33.235,33.32,32.845,2454
2011,,2022-08-03 00:00:00,33.245,33.5,33.5,33.18,3513
2012,,2022-08-04 00:00:00,33.49,33.505,33.735,33.45,3580
2013,,2022-08-05 00:00:00,33.73,33.685,33.825,33.6,1992
2014,,2022-08-08 00:00:00,33.715,33.76,33.905,33.6,1722
2015,,2022-08-09 00:00:00,33.845,33.56,33.845,33.5,1809
2016,,2022-08-10 00:00:00,33.26,33.54,33.54,33.2,1440
2017,,2022-08-11 00:00:00,33.75,33.9,34.07,33.665,2613
2018,,2022-08-12 00:00:00,33.9,34.14,34.14,33.795,1569
2019,,2022-08-15 00:00:00,34.32,34.37,34.37,34.14,5886
2020,,2022-08-16 00:00:00,34.375,34.405,34.59,34.3,2016
2021,,2022-08-17 00:00:00,34.495,34.255,34.495,34.225,453
2022,,2022-08-18 00:00:00,34.165,34.255,34.29,34.13,2215
2023,,2022-08-19 00:00:00,34.3,34.015,34.3,34.0,902
2024,,2022-08-22 00:00:00,34.15,34.145,34.155,33.9,2087
2025,,2022-08-23 00:00:00,34.18,34.145,34.34,34.01,1416
2026,,2022-08-24 00:00:00,34.095,34.35,34.4,33.96,2067
2027,,2022-08-25 00:00:00,34.565,34.755,34.83,34.44,4980
2028,,2022-08-26 00:00:00,34.815,34.55,35.07,34.5,2233
2029,,2022-08-29 00:00:00,34.345,34.205,34.345,34.095,1084
2030,,2022-08-30 00:00:00,34.3,33.73,34.38,33.7,917
2031,,2022-08-31 00:00:00,34.205,33.805,34.205,33.765,1687
2032,,2022-09-01 00:00:00,33.645,33.605,33.645,33.38,4941
2033,,2022-09-02 00:00:00,33.605,33.56,33.63,33.35,4948
2034,,2022-09-05 00:00:00,33.695,33.61,33.695,33.49,2520
2035,,2022-09-06 00:00:00,33.565,33.325,33.64,33.3,8250
2036,,2022-09-07 00:00:00,33.265,33.13,33.28,33.08,663
2037,,2022-09-08 00:00:00,33.155,33.185,33.185,32.9,920
2038,,2022-09-09 00:00:00,33.255,33.405,33.455,33.2,3043
2039,,2022-09-12 00:00:00,33.235,33.65,33.68,33.1,2724
2040,,2022-09-13 00:00:00,33.6,33.27,33.6,33.24,3516
2041,,2022-09-14 00:00:00,33.5,33.175,33.5,33.11,1486
2042,,2022-09-15 00:00:00,33.335,32.95,33.35,32.85,1831
2043,,2022-09-16 00:00:00,32.68,32.405,32.7,32.4,1847
2044,,2022-09-19 00:00:00,32.37,32.405,32.465,32.22,4941
2045,,2022-09-20 00:00:00,32.69,32.57,32.715,32.505,994
2046,,2022-09-21 00:00:00,32.57,32.555,32.57,32.41,847
2047,,2022-09-22 00:00:00,32.22,32.245,32.38,32.19,811
2048,,2022-09-23 00:00:00,32.21,31.89,32.21,31.84,1255
2049,,2022-09-26 00:00:00,31.915,31.91,32.0,31.76,2081
2050,,2022-09-27 00:00:00,31.96,31.92,32.135,31.92,2341
2051,,2022-09-28 00:00:00,31.64,31.665,31.745,31.37,4063
2052,,2022-09-29 00:00:00,31.155,30.715,31.22,30.7,3580
2053,,2022-09-30 00:00:00,30.755,30.88,30.905,30.69,25192
2054,,2022-10-03 00:00:00,30.65,30.945,31.03,30.53,6271
2055,,2022-10-04 00:00:00,31.315,31.615,31.63,31.315,1168
2056,,2022-10-05 00:00:00,31.77,31.715,31.81,31.63,1398
2057,,2022-10-06 00:00:00,31.855,31.925,32.055,31.705,995
2058,,2022-10-07 00:00:00,31.805,31.47,31.815,31.47,1895
2059,,2022-10-10 00:00:00,31.235,31.155,31.39,31.07,3626
2060,,2022-10-11 00:00:00,30.815,30.72,30.815,30.535,3862
2061,,2022-10-12 00:00:00,30.87,30.61,30.885,30.6,4637
2062,,2022-10-13 00:00:00,30.465,30.435,30.52,29.95,1761
2063,,2022-10-14 00:00:00,30.72,30.39,30.85,30.375,3948
2064,,2022-10-17 00:00:00,30.555,30.76,30.82,30.465,416
2065,,2022-10-18 00:00:00,30.735,30.52,30.925,30.52,2792
2066,,2022-10-19 00:00:00,30.51,30.345,30.53,30.345,514
2067,,2022-10-20 00:00:00,30.295,30.68,30.78,30.235,1127
2068,,2022-10-21 00:00:00,30.485,30.6,30.6,30.35,1474
2069,,2022-10-24 00:00:00,29.83,29.405,29.9,29.165,5670
2070,,2022-10-25 00:00:00,29.555,29.485,29.575,29.36,4135
2071,,2022-10-26 00:00:00,29.49,29.795,29.865,29.41,5779
2072,,2022-10-27 00:00:00,29.48,29.845,29.85,29.4,1773
2073,,2022-10-28 00:00:00,29.17,29.41,29.47,29.15,2553
2074,,2022-10-31 00:00:00,29.345,29.635,29.74,29.115,17473
2075,,2022-11-01 00:00:00,30.15,30.36,30.365,30.09,4287
2076,,2022-11-02 00:00:00,30.535,30.305,30.635,30.235,1728
2077,,2022-11-03 00:00:00,30.305,30.595,30.595,30.19,1989
2078,,2022-11-04 00:00:00,31.155,31.145,31.38,31.085,12917
2079,,2022-11-07 00:00:00,31.16,31.105,31.33,31.08,4139
2080,,2022-11-08 00:00:00,31.08,31.165,31.195,31.02,1183
2081,,2022-11-09 00:00:00,31.1,30.92,31.11,30.92,843
2082,,2022-11-10 00:00:00,30.65,31.24,31.275,30.6,2345
2083,,2022-11-11 00:00:00,31.645,31.52,31.705,31.515,1721
2084,,2022-11-14 00:00:00,31.51,31.575,31.69,31.44,1495
2085,,2022-11-15 00:00:00,32.045,32.285,32.285,31.92,6341
2086,,2022-11-16 00:00:00,31.895,31.51,32.0,31.51,3183
2087,,2022-11-17 00:00:00,31.55,31.585,31.605,31.15,5333
2088,,2022-11-18 00:00:00,31.39,31.49,31.61,31.345,1708
2089,,2022-11-21 00:00:00,31.39,31.315,31.44,31.235,7588
2090,,2022-11-22 00:00:00,31.24,31.315,31.39,31.2,3540
2091,,2022-11-23 00:00:00,31.24,31.3,31.35,31.22,1694
2092,,2022-11-24 00:00:00,31.38,31.515,31.57,31.34,1354
2093,,2022-11-25 00:00:00,31.36,31.19,31.39,31.17,3667
2094,,2022-11-28 00:00:00,31.04,31.15,31.15,30.67,26284
2095,,2022-11-29 00:00:00,31.675,31.68,31.8,31.55,2425
2096,,2022-11-30 00:00:00,32.185,32.5,32.545,32.095,2889
2097,,2022-12-01 00:00:00,32.43,32.065,32.505,31.955,2588
2098,,2022-12-02 00:00:00,31.9,32.165,32.485,31.71,5241
2099,,2022-12-05 00:00:00,32.34,31.89,32.34,31.82,1908
2100,,2022-12-06 00:00:00,31.88,31.885,31.975,31.765,1438
2101,,2022-12-07 00:00:00,31.695,31.555,31.72,31.385,1582
2102,,2022-12-08 00:00:00,31.87,31.82,31.985,31.765,2452
2103,,2022-12-09 00:00:00,32.115,31.98,32.115,31.95,1385
2104,,2022-12-12 00:00:00,31.67,31.495,31.715,31.335,6372
2105,,2022-12-13 00:00:00,31.55,31.7,32.0,31.445,2617
2106,,2022-12-14 00:00:00,31.695,31.575,31.695,31.46,1407
2107,,2022-12-15 00:00:00,31.165,30.88,31.225,30.87,7917
2108,,2022-12-16 00:00:00,31.02,31.095,31.095,30.8,18394
2109,,2022-12-19 00:00:00,31.02,31.045,31.26,31.0,5698
2110,,2022-12-20 00:00:00,30.81,30.95,31.0,30.74,2537
2111,,2022-12-21 00:00:00,30.93,31.15,31.205,30.855,7232
2112,,2022-12-22 00:00:00,31.255,31.04,31.36,31.01,5136
2113,,2022-12-23 00:00:00,31.015,30.94,31.065,30.85,1463
2114,,2022-12-27 00:00:00,31.26,31.25,31.455,31.14,3381
2115,,2022-12-28 00:00:00,31.25,30.985,31.28,30.91,1904
2116,,2022-12-29 00:00:00,31.06,31.33,31.38,31.02,2349
2117,,2022-12-30 00:00:00,31.17,30.84,31.17,30.84,1783
2118,,2023-01-02 00:00:00,31.155,31.085,31.9,30.94,2500
2119,,2023-01-03 00:00:00,31.44,31.565,31.705,31.44,1407
2120,,2023-01-04 00:00:00,31.82,31.99,31.99,31.71,5862
2121,,2023-01-05 00:00:00,31.98,32.29,32.41,31.95,5309
2122,,2023-01-06 00:00:00,32.395,32.56,32.645,32.35,1291
2123,,2023-01-09 00:00:00,32.78,32.91,32.935,32.74,1810
2124,,2023-01-10 00:00:00,32.65,32.74,32.74,32.59,2771
2125,,2023-01-11 00:00:00,32.745,32.83,32.845,32.645,3663
2126,,2023-01-12 00:00:00,32.695,32.855,32.98,32.695,5192
2127,,2023-01-13 00:00:00,32.94,33.075,33.145,32.88,2421
2128,,2023-01-16 00:00:00,33.095,32.975,33.095,32.885,4617
2129,,2023-01-17 00:00:00,32.925,33.04,33.07,32.82,1894
2130,,2023-01-18 00:00:00,33.12,33.0,33.205,32.96,2852
2131,,2023-01-19 00:00:00,33.01,33.09,33.17,32.785,29693
2132,,2023-01-20 00:00:00,33.585,33.4,33.615,33.23,2473
2133,,2023-01-23 00:00:00,33.395,33.77,33.83,33.37,1129
2134,,2023-01-24 00:00:00,33.66,33.585,33.7,33.49,6232
2135,,2023-01-25 00:00:00,33.64,33.525,33.64,33.23,10848
2136,,2023-01-26 00:00:00,33.75,33.925,33.95,33.74,4239
2137,,2023-01-27 00:00:00,33.92,33.88,33.985,33.82,1361
2138,,2023-01-30 00:00:00,33.225,33.425,33.425,33.07,4213
2139,,2023-01-31 00:00:00,33.085,33.145,33.15,32.92,18816
2140,,2023-02-01 00:00:00,33.39,33.155,33.39,33.1,6961
2141,,2023-02-02 00:00:00,33.065,33.225,33.35,32.98,5261
2142,,2023-02-03 00:00:00,33.11,33.105,33.24,33.01,6081
2143,,2023-02-06 00:00:00,32.65,32.7,32.745,32.51,4877
2144,,2023-02-07 00:00:00,32.86,32.78,32.945,32.73,4468
2145,,2023-02-08 00:00:00,32.925,32.695,32.94,32.68,7757
2146,,2023-02-09 00:00:00,33.175,33.025,33.2,32.99,6876
2147,,2023-02-10 00:00:00,32.725,32.87,32.895,32.68,7677
2148,,2023-02-13 00:00:00,32.865,32.955,32.965,32.83,6273
2149,,2023-02-14 00:00:00,32.835,32.81,32.895,32.64,1651
2150,,2023-02-15 00:00:00,32.405,32.57,32.6,32.37,13774
2151,,2023-02-16 00:00:00,32.83,32.705,32.83,32.57,3229
2152,,2023-02-17 00:00:00,32.565,32.37,32.58,32.37,2434
2153,,2023-02-20 00:00:00,32.65,32.625,32.65,32.545,1478
2154,,2023-02-21 00:00:00,32.45,32.14,32.45,32.14,1842
2155,,2023-02-22 00:00:00,31.97,32.015,32.09,31.885,2911
2156,,2023-02-23 00:00:00,32.305,32.135,32.45,32.135,2083
2157,,2023-02-24 00:00:00,31.93,31.6,31.93,31.58,3979
2158,,2023-02-27 00:00:00,31.755,31.65,31.82,31.62,4870
2159,,2023-02-28 00:00:00,31.44,31.545,31.59,31.37,9792
2160,,2023-03-01 00:00:00,32.11,31.91,32.165,31.89,9849
2161,,2023-03-02 00:00:00,31.95,32.2,32.2,31.91,3862
2162,,2023-03-03 00:00:00,32.26,32.44,32.455,32.26,4197
2163,,2023-03-06 00:00:00,32.44,32.385,32.44,32.265,1791
2164,,2023-03-07 00:00:00,32.285,32.12,32.32,32.025,14637
2165,,2023-03-08 00:00:00,31.97,32.13,32.17,31.935,1649
2166,,2023-03-09 00:00:00,31.85,31.66,31.85,31.66,4867
2167,,2023-03-10 00:00:00,31.175,31.25,31.345,31.02,7916
2168,,2023-03-13 00:00:00,31.245,30.89,31.245,30.725,1843
2169,,2023-03-14 00:00:00,30.7,30.9,30.95,30.6,49307
2170,,2023-03-15 00:00:00,30.79,30.625,30.87,30.535,5676
2171,,2023-03-16 00:00:00,30.795,30.995,30.995,30.65,1141
2172,,2023-03-17 00:00:00,31.14,30.82,31.26,30.8,3198
2173,,2023-03-20 00:00:00,30.855,30.67,30.855,30.52,718
2174,,2023-03-21 00:00:00,30.875,30.79,30.975,30.755,1731
2175,,2023-03-22 00:00:00,31.05,31.09,31.15,30.99,16528
2176,,2023-03-23 00:00:00,31.195,31.39,31.465,31.195,1718
2177,,2023-03-24 00:00:00,31.33,31.3,31.36,31.16,1516
2178,,2023-03-27 00:00:00,31.54,31.04,31.54,31.03,18981
2179,,2023-03-28 00:00:00,31.32,31.395,31.4,31.15,836
2180,,2023-03-29 00:00:00,31.495,31.555,31.555,31.4,6190
2181,,2023-03-30 00:00:00,31.64,31.595,31.665,31.51,804
2182,,2023-03-31 00:00:00,31.64,31.78,31.815,31.64,3039
2183,,2023-04-03 00:00:00,31.745,31.625,31.76,31.585,4791
2184,,2023-04-04 00:00:00,31.585,31.43,31.655,31.42,6691
2185,,2023-04-05 00:00:00,31.615,31.335,31.615,31.3,4935
2186,,2023-04-06 00:00:00,31.43,31.445,31.46,31.33,2096
2187,,2023-04-11 00:00:00,31.73,31.835,31.835,31.68,3287
2188,,2023-04-12 00:00:00,31.575,31.405,31.71,31.4,2954
2189,,2023-04-13 00:00:00,31.56,31.555,31.565,31.49,6390
2190,,2023-04-14 00:00:00,31.55,31.475,31.61,31.43,3823
2191,,2023-04-17 00:00:00,31.88,31.855,31.905,31.82,3036
2192,,2023-04-18 00:00:00,31.84,31.795,31.94,31.74,1360
2193,,2023-04-19 00:00:00,31.575,31.42,31.575,31.345,2419
2194,,2023-04-20 00:00:00,31.425,31.455,31.505,31.305,2615
2195,,2023-04-21 00:00:00,31.2,30.99,31.2,30.99,3612
2196,,2023-04-24 00:00:00,30.905,30.8,30.96,30.79,7760
2197,,2023-04-25 00:00:00,30.505,30.5,30.53,30.44,2377
2198,,2023-04-26 00:00:00,30.64,30.52,30.64,30.395,5785
2199,,2023-04-27 00:00:00,30.545,30.77,30.78,30.545,3824
2200,,2023-04-28 00:00:00,30.88,30.975,31.05,30.85,1466
2201,,2023-05-02 00:00:00,31.13,30.65,31.13,30.645,8695
2202,,2023-05-03 00:00:00,30.645,30.59,30.645,30.55,5219
2203,,2023-05-04 00:00:00,30.69,30.85,30.93,30.69,4051
2204,,2023-05-05 00:00:00,31.015,31.14,31.17,30.995,10147
2205,,2023-05-08 00:00:00,31.235,31.245,31.35,31.23,1154
2206,,2023-05-09 00:00:00,31.135,31.18,31.215,31.095,9535
2207,,2023-05-10 00:00:00,31.125,31.135,31.215,31.025,2402
2208,,2023-05-11 00:00:00,31.17,31.08,31.22,31.02,1556
2209,,2023-05-12 00:00:00,31.07,31.03,31.125,31.0,1950
2210,,2023-05-15 00:00:00,31.39,31.48,31.48,31.24,2339
2211,,2023-05-16 00:00:00,31.465,31.38,31.465,31.3,796
2212,,2023-05-17 00:00:00,31.415,31.51,31.535,31.32,1815
2213,,2023-05-18 00:00:00,31.625,31.63,31.72,31.45,1559
2214,,2023-05-19 00:00:00,31.64,31.58,31.68,31.565,6843
2215,,2023-05-22 00:00:00,31.74,31.865,31.92,31.735,994
2216,,2023-05-23 00:00:00,31.69,31.65,31.69,31.585,2572
2217,,2023-05-24 00:00:00,31.445,31.22,31.445,31.22,2056
2218,,2023-05-25 00:00:00,31.41,31.32,31.47,31.3,435
2219,,2023-05-26 00:00:00,31.46,31.84,31.855,31.42,2649
2220,,2023-05-29 00:00:00,31.745,31.665,31.745,31.62,1812
2221,,2023-05-30 00:00:00,31.78,31.48,31.845,31.48,3840
2222,,2023-05-31 00:00:00,31.35,31.19,31.44,31.185,2163
2223,,2023-06-01 00:00:00,31.32,31.53,31.53,31.21,1149
2224,,2023-06-02 00:00:00,31.825,32.26,32.315,31.825,16403
2225,,2023-06-05 00:00:00,32.18,32.19,32.27,32.115,2477
2226,,2023-06-06 00:00:00,32.2,32.5,32.5,32.17,832
2227,,2023-06-07 00:00:00,32.495,32.56,32.6,32.485,3339
2228,,2023-06-08 00:00:00,32.41,32.39,32.44,32.3,1650
2229,,2023-06-09 00:00:00,32.58,32.715,32.745,32.5,1623
2230,,2023-06-12 00:00:00,32.695,32.725,32.725,32.635,2081
2231,,2023-06-13 00:00:00,32.83,32.95,32.98,32.765,1520
2232,,2023-06-14 00:00:00,32.79,32.975,32.975,32.79,11086
2233,,2023-06-15 00:00:00,33.04,32.975,33.185,32.91,10443
2234,,2023-06-16 00:00:00,33.02,32.94,33.12,32.875,3150
2235,,2023-06-19 00:00:00,32.77,32.82,32.87,32.7,4579
2236,,2023-06-20 00:00:00,32.59,32.35,32.615,32.35,3476
2237,,2023-06-21 00:00:00,32.19,32.01,32.235,32.01,4969
2238,,2023-06-22 00:00:00,31.945,31.935,31.945,31.8,2712
2239,,2023-06-23 00:00:00,31.735,31.69,31.93,31.635,3760
2240,,2023-06-26 00:00:00,31.835,31.77,31.89,31.75,2597
2241,,2023-06-27 00:00:00,31.98,31.885,31.985,31.835,2295
2242,,2023-06-28 00:00:00,31.845,31.83,31.85,31.685,20229
2243,,2023-06-29 00:00:00,31.75,31.785,31.83,31.69,1455
2244,,2023-06-30 00:00:00,31.945,32.0,32.05,31.945,7466
2245,,2023-07-03 00:00:00,32.415,32.35,32.475,32.33,3835
2246,,2023-07-04 00:00:00,32.585,32.55,32.6,32.515,7453
2247,,2023-07-05 00:00:00,32.305,32.27,32.315,32.2,3633
2248,,2023-07-06 00:00:00,31.995,31.52,32.01,31.52,7381
2249,,2023-07-07 00:00:00,31.515,31.73,31.76,31.515,2964
2250,,2023-07-10 00:00:00,31.54,31.61,31.63,31.495,4326
2251,,2023-07-11 00:00:00,31.745,31.82,31.93,31.745,22463
2252,,2023-07-12 00:00:00,31.925,32.24,32.24,31.925,651
2253,,2023-07-13 00:00:00,32.295,32.37,32.37,32.24,449
2254,,2023-07-14 00:00:00,32.345,32.265,32.365,32.18,1319
2255,,2023-07-17 00:00:00,32.115,32.125,32.21,32.0,2971
2256,,2023-07-18 00:00:00,32.0,32.075,32.085,31.995,1648
2257,,2023-07-19 00:00:00,32.05,32.15,32.22,31.935,3712
2258,,2023-07-20 00:00:00,31.945,31.995,32.025,31.925,1553
2259,,2023-07-21 00:00:00,32.055,32.055,32.115,32.03,3207
2260,,2023-07-24 00:00:00,31.985,32.59,32.59,31.985,8209
2261,,2023-07-25 00:00:00,32.85,32.915,33.12,32.84,9522
2262,,2023-07-26 00:00:00,32.85,32.92,32.95,32.7,1121
2263,,2023-07-27 00:00:00,32.995,33.11,33.2,32.91,2345
2264,,2023-07-28 00:00:00,33.355,33.54,33.58,33.355,2695
2265,,2023-07-31 00:00:00,33.545,33.545,33.58,33.41,7000
2266,,2023-08-01 00:00:00,33.56,33.35,33.595,33.33,6817
2267,,2023-08-02 00:00:00,32.775,32.655,32.91,32.62,2503
2268,,2023-08-03 00:00:00,32.75,32.775,32.81,32.585,2627
2269,,2023-08-04 00:00:00,32.72,32.62,32.775,32.58,1682
2270,,2023-08-07 00:00:00,32.715,32.4,32.715,32.38,9173
2271,,2023-08-08 00:00:00,32.215,32.14,32.295,32.045,11595
2272,,2023-08-09 00:00:00,32.385,32.12,32.44,32.12,1796
2273,,2023-08-10 00:00:00,32.285,32.43,32.51,32.245,2944
2274,,2023-08-11 00:00:00,32.105,31.86,32.105,31.86,20595
2275,,2023-08-14 00:00:00,31.835,31.77,31.9,31.72,5148
2276,,2023-08-15 00:00:00,31.74,31.5,31.79,31.41,29837
2277,,2023-08-16 00:00:00,31.485,31.44,31.52,31.32,6493
2278,,2023-08-17 00:00:00,31.675,31.475,31.695,31.455,2099
2279,,2023-08-18 00:00:00,31.34,31.2,31.34,31.05,4621
2280,,2023-08-21 00:00:00,31.15,31.11,31.26,31.075,3612
2281,,2023-08-22 00:00:00,31.205,31.315,31.435,31.205,64525
2282,,2023-08-23 00:00:00,31.505,31.775,31.775,31.48,597
2283,,2023-08-24 00:00:00,32.08,31.75,32.105,31.75,1851
2284,,2023-08-25 00:00:00,31.825,31.745,31.87,31.66,6682
2285,,2023-08-28 00:00:00,31.92,32.115,32.115,31.9,10172
2286,,2023-08-29 00:00:00,32.19,32.375,32.375,32.17,5409
2287,,2023-08-30 00:00:00,32.16,32.04,32.16,31.975,3146
2288,,2023-08-31 00:00:00,31.88,31.96,32.08,31.875,1835
2289,,2023-09-01 00:00:00,32.065,32.42,32.5,32.06,13957
2290,,2023-09-04 00:00:00,32.66,32.55,32.66,32.55,2093
2291,,2023-09-05 00:00:00,32.34,32.465,32.465,32.27,3789
2292,,2023-09-06 00:00:00,32.31,32.265,32.465,32.2,4145
2293,,2023-09-07 00:00:00,32.08,31.93,32.11,31.89,3118
2294,,2023-09-08 00:00:00,31.9,31.97,32.015,31.9,979
2295,,2023-09-11 00:00:00,32.16,32.14,32.27,32.125,1176
2296,,2023-09-12 00:00:00,32.175,32.19,32.265,32.13,5395
2297,,2023-09-13 00:00:00,32.09,32.23,32.23,32.03,1790
2298,,2023-09-14 00:00:00,32.285,32.625,32.625,32.28,3919
2299,,2023-09-15 00:00:00,32.745,32.46,32.785,32.45,4614
2300,,2023-09-18 00:00:00,32.5,32.31,32.5,32.24,7941
2301,,2023-09-19 00:00:00,32.3,32.13,32.3,32.105,2101
2302,,2023-09-20 00:00:00,32.14,32.22,32.24,32.05,1056
2303,,2023-09-21 00:00:00,31.86,31.6,31.86,31.585,3336
2304,,2023-09-22 00:00:00,31.945,32.0,32.13,31.94,1584
2305,,2023-09-25 00:00:00,31.81,31.98,31.98,31.75,11480
2306,,2023-09-26 00:00:00,31.725,31.65,31.725,31.605,6971
2307,,2023-09-27 00:00:00,31.745,31.785,31.875,31.72,4155
2308,,2023-09-28 00:00:00,31.775,31.655,31.775,31.55,5729
2309,,2023-09-29 00:00:00,32.04,31.83,32.04,31.825,53510
2310,,2023-10-02 00:00:00,31.84,31.805,31.935,31.735,6526
2311,,2023-10-03 00:00:00,31.695,31.525,31.7,31.51,2023
2312,,2023-10-04 00:00:00,31.245,31.245,31.4,31.19,3739
2313,,2023-10-05 00:00:00,31.3,31.14,31.31,31.1,1911
2314,,2023-10-06 00:00:00,31.355,31.5,31.5,31.3,5530
2315,,2023-10-09 00:00:00,31.415,31.375,31.48,31.295,2280
2316,,2023-10-10 00:00:00,31.55,31.875,31.88,31.545,3683
2317,,2023-10-11 00:00:00,31.97,32.025,32.055,31.91,576
2318,,2023-10-12 00:00:00,32.18,31.995,32.245,31.99,1007
2319,,2023-10-13 00:00:00,31.945,31.93,32.035,31.81,16397
2320,,2023-10-16 00:00:00,31.755,32.0,32.0,31.69,3055
2321,,2023-10-17 00:00:00,31.97,31.845,31.97,31.735,3032
2322,,2023-10-18 00:00:00,31.68,31.475,31.69,31.475,694
2323,,2023-10-19 00:00:00,31.325,31.275,31.325,31.18,68134
2324,,2023-10-20 00:00:00,31.0,30.775,31.0,30.775,3855
2325,,2023-10-23 00:00:00,30.635,30.57,30.715,30.385,5457
2326,,2023-10-24 00:00:00,30.54,31.12,31.13,30.5,3649
2327,,2023-10-25 00:00:00,30.835,30.875,30.92,30.725,4193
2328,,2023-10-26 00:00:00,30.495,30.7,30.715,30.49,4302
2329,,2023-10-27 00:00:00,30.88,30.64,30.96,30.64,3420
2330,,2023-10-30 00:00:00,31.005,30.725,31.075,30.7,1587
2331,,2023-10-31 00:00:00,30.495,30.5,30.525,30.445,1962
2332,,2023-11-01 00:00:00,30.625,30.9,30.95,30.615,1400
2333,,2023-11-02 00:00:00,31.125,31.34,31.365,31.125,2394
2334,,2023-11-03 00:00:00,31.555,31.685,31.71,31.44,18196
2335,,2023-11-06 00:00:00,32.06,31.96,32.105,31.96,11817
2336,,2023-11-07 00:00:00,31.78,31.92,31.97,31.78,1640
2337,,2023-11-08 00:00:00,31.765,31.725,31.855,31.69,19893
2338,,2023-11-09 00:00:00,31.665,31.66,31.72,31.625,2107
2339,,2023-11-10 00:00:00,31.43,31.575,31.575,31.37,1543
2340,,2023-11-13 00:00:00,31.61,31.7,31.7,31.575,1766
2341,,2023-11-14 00:00:00,31.59,31.945,31.95,31.57,1890
2342,,2023-11-15 00:00:00,32.08,32.38,32.405,32.08,9098
2343,,2023-11-16 00:00:00,32.09,31.85,32.165,31.85,1916
2344,,2023-11-17 00:00:00,31.865,31.91,31.995,31.86,7950
2345,,2023-11-20 00:00:00,31.92,32.095,32.11,31.9,2067
2346,,2023-11-21 00:00:00,32.08,31.94,32.08,31.88,3395
2347,,2023-11-22 00:00:00,31.9,32.045,32.055,31.9,1727
2348,,2023-11-23 00:00:00,32.115,32.1,32.19,32.09,1355
2349,,2023-11-24 00:00:00,31.84,31.88,31.88,31.78,6626
2350,,2023-11-27 00:00:00,31.715,31.7,31.795,31.66,3926
2351,,2023-11-28 00:00:00,31.815,31.85,31.88,31.76,3615
2352,,2023-11-29 00:00:00,31.77,31.775,31.875,31.735,910
2353,,2023-11-30 00:00:00,31.88,32.0,32.01,31.83,3513
2354,,2023-12-01 00:00:00,31.89,32.105,32.115,31.85,9346
2355,,2023-12-04 00:00:00,32.03,32.025,32.105,31.98,9209
2356,,2023-12-05 00:00:00,31.79,31.88,31.88,31.715,7578
2357,,2023-12-06 00:00:00,32.045,32.065,32.145,32.01,1905
2358,,2023-12-07 00:00:00,31.97,32.01,32.055,31.915,2149
2359,,2023-12-08 00:00:00,32.01,32.005,32.105,31.97,4373
2360,,2023-12-11 00:00:00,32.055,32.21,32.24,31.955,8246
2361,,2023-12-12 00:00:00,32.24,32.06,32.24,32.0,2160
2362,,2023-12-13 00:00:00,31.95,31.905,31.985,31.88,2871
2363,,2023-12-14 00:00:00,32.235,32.345,32.35,32.18,2583
2364,,2023-12-15 00:00:00,32.4,32.56,32.58,32.365,3504
2365,,2023-12-18 00:00:00,32.395,32.23,32.45,32.215,3864
2366,,2023-12-19 00:00:00,32.3,32.495,32.51,32.295,20012
2367,,2023-12-20 00:00:00,32.495,32.28,32.5,32.27,3054
2368,,2023-12-21 00:00:00,32.34,32.375,32.375,32.225,1229
2369,,2023-12-22 00:00:00,32.08,32.235,32.235,31.995,2584
2370,,2023-12-27 00:00:00,32.75,32.345,32.75,32.325,7946
2371,,2023-12-28 00:00:00,32.82,32.855,32.855,32.7,3926
2372,,2023-12-29 00:00:00,32.8,32.8,32.86,32.7,3773
2373,,2024-01-02 00:00:00,32.8,32.78,32.825,32.68,8274
2374,,2024-01-03 00:00:00,32.6,32.625,32.65,32.43,10783
2375,,2024-01-04 00:00:00,32.65,32.55,32.665,32.465,2895
2376,,2024-01-05 00:00:00,32.475,32.55,32.585,32.42,4701
2377,,2024-01-08 00:00:00,32.32,32.415,32.415,32.185,14477
2378,,2024-01-09 00:00:00,32.29,32.19,32.29,32.075,2693
2379,,2024-01-10 00:00:00,32.045,31.97,32.165,31.965,5679
2380,,2024-01-11 00:00:00,32.235,31.99,32.245,31.99,8615
2381,,2024-01-12 00:00:00,32.17,32.35,32.46,32.15,6745
2382,,2024-01-15 00:00:00,32.275,32.155,32.3,32.155,3912
2383,,2024-01-16 00:00:00,31.905,31.915,32.015,31.89,2336
2384,,2024-01-17 00:00:00,31.355,31.26,31.355,31.195,9402
2385,,2024-01-18 00:00:00,31.435,31.545,31.635,31.435,4312
2386,,2024-01-19 00:00:00,31.71,31.585,31.78,31.575,2225
2387,,2024-01-22 00:00:00,31.53,31.59,31.62,31.46,10137
2388,,2024-01-23 00:00:00,31.615,31.865,31.95,31.55,7190
2389,,2024-01-24 00:00:00,32.05,32.32,32.33,32.05,5890
2390,,2024-01-25 00:00:00,32.285,32.4,32.43,32.195,5537
2391,,2024-01-26 00:00:00,32.23,32.355,32.405,32.19,2484
2392,,2024-01-29 00:00:00,32.52,32.41,32.615,32.395,11896
2393,,2024-01-30 00:00:00,32.23,32.085,32.285,32.01,4289
2394,,2024-01-31 00:00:00,32.02,32.14,32.19,31.94,5707
2395,,2024-02-01 00:00:00,32.21,32.165,32.345,32.135,21096
2396,,2024-02-02 00:00:00,32.38,32.26,32.405,32.21,4975
2397,,2024-02-05 00:00:00,32.415,32.465,32.505,32.4,3286
2398,,2024-02-06 00:00:00,33.04,33.245,33.245,32.99,6149
2399,,2024-02-07 00:00:00,33.155,33.16,33.31,33.075,4074
2400,,2024-02-08 00:00:00,33.17,33.075,33.175,33.0,30057
2401,,2024-02-09 00:00:00,33.05,33.03,33.15,32.89,2694
2402,,2024-02-12 00:00:00,33.095,33.565,33.65,33.095,5204
2403,,2024-02-13 00:00:00,33.5,33.005,33.51,33.005,5649
2404,,2024-02-14 00:00:00,33.19,33.37,33.39,33.185,3744
2405,,2024-02-15 00:00:00,33.405,33.365,33.435,33.335,816
2406,,2024-02-16 00:00:00,33.605,33.6,33.68,33.6,30392
2407,,2024-02-19 00:00:00,33.48,33.555,33.595,33.48,8974
2408,,2024-02-20 00:00:00,33.555,33.42,33.555,33.42,4857
2409,,2024-02-21 00:00:00,33.57,33.52,33.605,33.5,3704
2410,,2024-02-22 00:00:00,33.715,33.755,33.88,33.715,3375
2411,,2024-02-23 00:00:00,33.825,33.795,33.84,33.735,2917
2412,,2024-02-26 00:00:00,33.58,33.56,33.65,33.56,3418
2413,,2024-02-27 00:00:00,33.64,33.68,33.745,33.6,3654
2414,,2024-02-28 00:00:00,33.545,33.26,33.545,33.24,8390
2415,,2024-02-29 00:00:00,33.41,33.37,33.44,33.26,3907
2416,,2024-03-01 00:00:00,33.565,33.73,33.75,33.51,9397
2417,,2024-03-04 00:00:00,33.78,33.63,33.8,33.59,3865
2418,,2024-03-05 00:00:00,33.4,33.31,33.465,33.31,44372
2419,,2024-03-06 00:00:00,33.56,33.73,33.76,33.545,5863
2420,,2024-03-07 00:00:00,33.6,33.725,33.77,33.545,6993
2421,,2024-03-08 00:00:00,33.835,33.78,33.935,33.78,3238
2422,,2024-03-11 00:00:00,33.82,33.915,33.95,33.795,6675
2423,,2024-03-12 00:00:00,34.19,34.235,34.26,34.1,1631
2424,,2024-03-13 00:00:00,34.12,34.01,34.12,34.0,2958
2425,,2024-03-14 00:00:00,34.17,34.1,34.225,34.01,5581
2426,,2024-03-15 00:00:00,33.885,33.85,33.965,33.85,3830
2427,,2024-03-18 00:00:00,34.025,33.94,34.035,33.92,12739
2428,,2024-03-19 00:00:00,33.81,33.77,33.82,33.62,58021
2429,,2024-03-20 00:00:00,33.71,33.87,33.95,33.71,14749
2430,,2024-03-21 00:00:00,34.28,34.29,34.34,34.23,15184
2431,,2024-03-22 00:00:00,34.135,34.155,34.285,34.09,4556
2432,,2024-03-25 00:00:00,34.155,34.095,34.19,34.02,9882
2433,,2024-03-26 00:00:00,34.245,34.14,34.245,34.04,3282
2434,,2024-03-27 00:00:00,34.045,34.045,34.125,34.045,11664
2435,,2024-03-28 00:00:00,34.325,34.335,34.425,34.24,2445
2436,,2024-04-02 00:00:00,34.8,34.65,34.905,34.645,5511
2437,,2024-04-03 00:00:00,34.5,34.455,34.5,34.37,9004
2438,,2024-04-04 00:00:00,34.48,34.675,34.685,34.46,2156
2439,,2024-04-05 00:00:00,34.31,34.345,34.395,34.26,3049
2440,,2024-04-08 00:00:00,34.425,34.6,34.645,34.41,3925
2441,,2024-04-09 00:00:00,34.685,34.71,34.78,34.645,8955
2442,,2024-04-10 00:00:00,34.95,34.605,35.0,34.6,9752
2443,,2024-04-11 00:00:00,34.97,34.805,34.97,34.79,11283
2444,,2024-04-12 00:00:00,34.89,34.505,34.9,34.48,4682
2445,,2024-04-15 00:00:00,34.59,34.485,34.655,34.44,54205
2446,,2024-04-16 00:00:00,33.985,33.82,33.995,33.7,11708
2447,,2024-04-17 00:00:00,33.91,33.76,33.945,33.76,12934
2448,,2024-04-18 00:00:00,34.105,33.95,34.13,33.82,5958
2449,,2024-04-19 00:00:00,33.52,33.705,33.745,33.45,13365
2450,,2024-04-22 00:00:00,33.9,33.91,33.955,33.8,2244
2451,,2024-04-23 00:00:00,34.175,34.14,34.18,34.055,6827
2452,,2024-04-24 00:00:00,34.6,34.35,34.6,34.345,1870
2453,,2024-04-25 00:00:00,34.29,34.22,34.355,34.09,1851
2454,,2024-04-26 00:00:00,34.625,34.765,34.835,34.56,3148
2455,,2024-04-29 00:00:00,34.99,35.02,35.07,34.96,7934
2456,,2024-04-30 00:00:00,35.11,34.87,35.11,34.86,3527
2457,,2024-05-02 00:00:00,35.15,35.355,35.365,35.125,7702
2458,,2024-05-03 00:00:00,35.5,35.53,35.58,35.32,27813
2459,,2024-05-06 00:00:00,35.6,35.645,35.695,35.565,23094
2460,,2024-05-07 00:00:00,35.53,35.505,35.535,35.42,5807
2461,,2024-05-08 00:00:00,35.5,35.46,35.54,35.315,5309
2462,,2024-05-09 00:00:00,35.555,35.47,35.555,35.4,2903
2463,,2024-05-10 00:00:00,35.705,35.645,35.81,35.645,12027
2464,,2024-05-13 00:00:00,35.77,35.875,35.91,35.715,4255
2465,,2024-05-14 00:00:00,35.9,35.925,35.955,35.785,4197
2466,,2024-05-15 00:00:00,35.995,36.12,36.145,35.94,6385
2467,,2024-05-16 00:00:00,36.13,36.29,36.35,36.085,9877
2468,,2024-05-17 00:00:00,36.265,36.42,36.48,36.235,12074
2469,,2024-05-20 00:00:00,36.28,36.35,36.37,36.22,4278
2470,,2024-05-21 00:00:00,36.065,36.125,36.175,36.03,5388
2471,,2024-05-22 00:00:00,36.17,36.125,36.295,36.105,6742
2472,,2024-05-23 00:00:00,36.17,35.98,36.225,35.95,3841
2473,,2024-05-24 00:00:00,35.865,35.865,35.935,35.8,4137
2474,,2024-05-27 00:00:00,36.07,36.01,36.07,35.94,5250
2475,,2024-05-28 00:00:00,35.945,35.775,35.945,35.775,6034
2476,,2024-05-29 00:00:00,35.505,35.35,35.545,35.32,22204
2477,,2024-05-30 00:00:00,35.135,35.175,35.2,35.085,10475
2478,,2024-05-31 00:00:00,34.86,34.6,34.86,34.6,14642
2479,,2024-06-03 00:00:00,35.4,35.07,35.45,35.055,7481
2480,,2024-06-04 00:00:00,34.5,34.5,34.69,34.48,6496
2481,,2024-06-05 00:00:00,34.855,35.23,35.23,34.825,12979
2482,,2024-06-06 00:00:00,35.345,35.4,35.46,35.285,4159
2483,,2024-06-07 00:00:00,35.425,35.43,35.5,35.355,3238
2484,,2024-06-10 00:00:00,35.49,35.715,35.715,35.465,8375
2485,,2024-06-11 00:00:00,35.585,35.52,35.655,35.485,1728
2486,,2024-06-12 00:00:00,35.69,35.71,35.8,35.61,2727
2487,,2024-06-13 00:00:00,35.81,35.785,35.9,35.73,998
2488,,2024-06-14 00:00:00,36.03,36.04,36.135,35.95,9040
2489,,2024-06-17 00:00:00,36.16,36.075,36.18,36.04,6257
2490,,2024-06-18 00:00:00,36.225,36.45,36.465,36.205,4118
2491,,2024-06-19 00:00:00,36.74,36.705,36.82,36.67,6992
2492,,2024-06-20 00:00:00,36.77,36.57,36.815,36.515,7542
2493,,2024-06-21 00:00:00,36.57,36.49,36.635,36.49,1801
2494,,2024-06-24 00:00:00,36.345,36.475,36.525,36.27,2336
2495,,2024-06-25 00:00:00,36.295,36.245,36.38,36.245,2849
2496,,2024-06-26 00:00:00,36.52,36.29,36.57,36.275,1929
2497,,2024-06-27 00:00:00,36.31,36.305,36.4,36.29,40435
2498,,2024-06-28 00:00:00,36.495,36.47,36.65,36.46,3714
2499,,2024-07-01 00:00:00,36.365,36.42,36.46,36.285,3773
2500,,2024-07-02 00:00:00,36.245,36.32,36.34,36.195,13670
2501,,2024-07-03 00:00:00,36.435,36.71,36.74,36.435,9042
2502,,2024-07-04 00:00:00,36.865,36.83,36.94,36.81,12248
2503,,2024-07-05 00:00:00,36.89,36.705,36.89,36.655,4770
2504,,2024-07-08 00:00:00,36.84,36.9,36.935,36.825,3644
2505,,2024-07-09 00:00:00,36.955,36.98,37.05,36.93,4548
2506,,2024-07-10 00:00:00,36.98,37.15,37.19,36.98,4938
2507,,2024-07-11 00:00:00,37.395,37.305,37.45,37.305,8659
2508,,2024-07-12 00:00:00,37.3,37.375,37.46,37.26,6871
2509,,2024-07-15 00:00:00,37.19,37.06,37.19,37.0,7047
2510,,2024-07-16 00:00:00,37.025,37.145,37.145,36.975,4915
2511,,2024-07-17 00:00:00,36.89,36.56,36.89,36.56,4301
2512,,2024-07-18 00:00:00,36.685,36.305,36.685,36.305,7640
2513,,2024-07-19 00:00:00,36.14,35.975,36.16,35.97,4973
2514,,2024-07-22 00:00:00,36.12,36.12,36.24,35.98,5048
2515,,2024-07-23 00:00:00,36.17,36.17,36.175,35.95,4241
2516,,2024-07-24 00:00:00,35.8,35.8,36.03,35.8,4186
2517,,2024-07-25 00:00:00,35.515,35.535,35.575,35.33,7351
2518,,2024-07-26 00:00:00,35.6,35.7,35.745,35.6,1345
2519,,2024-07-29 00:00:00,35.935,35.665,36.005,35.665,3790
2520,,2024-07-30 00:00:00,35.795,35.66,35.89,35.66,3780
2521,,2024-07-31 00:00:00,36.25,36.43,36.46,36.23,2092
2522,,2024-08-01 00:00:00,36.38,36.115,36.455,36.115,3122
2523,,2024-08-02 00:00:00,35.49,34.825,35.49,34.76,6329
2524,,2024-08-05 00:00:00,33.42,33.79,33.79,32.815,24376
2525,,2024-08-06 00:00:00,34.045,34.02,34.14,33.78,6241
2526,,2024-08-07 00:00:00,34.66,34.81,34.995,34.585,3711
2527,,2024-08-08 00:00:00,34.555,35.005,35.055,34.435,10241
2528,,2024-08-09 00:00:00,35.2,35.2,35.42,35.085,10047
2529,,2024-08-12 00:00:00,35.32,35.48,35.505,35.275,18848
2530,,2024-08-13 00:00:00,35.49,35.515,35.52,35.365,1607
2531,,2024-08-14 00:00:00,35.4,35.33,35.465,35.195,3424
2532,,2024-08-15 00:00:00,35.345,35.79,35.81,35.34,3575
2533,,2024-08-16 00:00:00,36.01,36.075,36.105,35.9,2392
2534,,2024-08-19 00:00:00,36.1,36.23,36.23,36.06,21705
2535,,2024-08-20 00:00:00,36.155,35.865,36.18,35.83,700
2536,,2024-08-21 00:00:00,35.805,35.95,35.95,35.745,2355
2537,,2024-08-22 00:00:00,35.865,35.68,35.92,35.68,2814
2538,,2024-08-23 00:00:00,35.8,35.865,36.0,35.8,1326
2539,,2024-08-26 00:00:00,35.85,35.645,35.95,35.6,3294
2540,,2024-08-27 00:00:00,35.69,35.665,35.755,35.605,1003
2541,,2024-08-28 00:00:00,35.725,35.645,35.85,35.645,8942
2542,,2024-08-29 00:00:00,35.67,35.95,35.975,35.67,446
2543,,2024-08-30 00:00:00,36.01,35.9,36.085,35.9,2548
2544,,2024-09-02 00:00:00,35.855,35.835,35.86,35.755,3130
2545,,2024-09-03 00:00:00,35.8,35.505,35.82,35.39,4269
2546,,2024-09-04 00:00:00,35.08,35.29,35.37,35.075,3761
2547,,2024-09-05 00:00:00,35.195,35.16,35.345,35.05,22682
2548,,2024-09-06 00:00:00,35.015,34.66,35.13,34.6,13538
2549,,2024-09-09 00:00:00,34.8,34.955,35.0,34.785,4435
2550,,2024-09-10 00:00:00,34.9,34.86,34.97,34.82,2115
2551,,2024-09-11 00:00:00,34.91,34.83,34.925,34.635,6987
2552,,2024-09-12 00:00:00,35.34,35.28,35.43,35.225,2626
2553,,2024-09-13 00:00:00,35.43,35.485,35.485,35.33,1103
2554,,2024-09-16 00:00:00,35.455,35.37,35.495,35.37,4849
2555,,2024-09-17 00:00:00,35.56,35.565,35.635,35.54,2644
2556,,2024-09-18 00:00:00,35.565,35.405,35.585,35.405,14425
2557,,2024-09-19 00:00:00,35.89,35.96,35.985,35.8,1790
2558,,2024-09-20 00:00:00,35.975,35.96,36.08,35.96,15159
2559,,2024-09-23 00:00:00,36.065,36.335,36.395,36.06,38096
2560,,2024-09-24 00:00:00,36.81,37.215,37.22,36.81,32035
2561,,2024-09-25 00:00:00,36.845,37.175,37.195,36.82,12733
